inputName,outputName
Abies bifolia,Abies lasiocarpa var. bifolia
Abronia argillosa,Abronia glabrifolia
Abutilon incanum,Abutilon incanum
Abutilon parvulum,Abutilon parvulum
Abutilon theophrasti,Abutilon theophrasti
Acanthoxanthium spinosum,Xanthium spinosum
Acer glabrum var. glabrum,Acer glabrum var. glabrum
Acer grandidentatum var. grandidentatum,Acer grandidentatum var. grandidentatum
Acer negundo,Acer negundo
Acer negundo var. interius,Acer negundo var. interius
Acer negundo var. violaceum,Acer negundo var. violaceum
Acetosella paucifolia,Rumex paucifolius
Acetosella vulgaris,Rumex acetosella
Achillea filipendulina,Achillea filipendulina
Achillea lanulosa,Achillea millefolium
Achillea millefolium,Achillea millefolium
Achillea ptarmica,Achillea ptarmica
Achnatherum ×bloomeri,Eriocoma x bloomeri 
Achnatherum aridum,Eriocoma arida
Achnatherum hymenoides,Eriocoma hymenoides
Achnatherum lettermanii,Eriocoma lettermanii 
Achnatherum nelsonii,Eriocoma nelsonii
Achnatherum perplexum,Eriocoma perplexa
Achnatherum pinetorum,Eriocoma pinetorum
Achnatherum richardsonii,Eriocoma richardsonii
Achnatherum robustum,Eriocoma robusta 
Achnatherum scribneri,Eriocoma scribneri 
Achnatherum speciosum,Pappostipa speciosa
Achnatherum webberi,Eriocoma webberi
Achnatherum x bloomeri,Eriocoma x bloomeri 
Acomastylis rossii ssp. turbinata,Geum rossii var. turbinatum
Aconitum columbianum,Aconitum columbianum
Acorus calamus,Acorus calamus
Acosta diffusa,Centaurea diffusa
Acosta maculosa,Centaurea stoebe ssp. micranthos
Acrolasia albicaulis,Mentzelia albicaulis
Acrolasia dispersa,Mentzelia dispersa
Acrolasia humilis,Mentzelia thompsonii
Acroptilon repens,Rhaponticum repens
Actaea rubra,Actaea rubra
Actaea rubra ssp. arguta,Actaea rubra
Adenolinum lewisii,Linum lewisii
Adenolinum perenne,Linum perenne
Adenolinum pratense,Linum pratense
Adiantum aleuticum,Adiantum aleuticum
Adiantum capillus-veneris,Adiantum capillus-veneris
Adoxa moschatellina,Adoxa moschatellina
Aegilops cylindrica,Aegilops cylindrica
Aethionema saxatile,Aurinia saxatilis
Agalinis tenuifolia,Agalinis tenuifolia var. parviflora
Agalinis tenuifolia var. parviflora,Agalinis tenuifolia var. parviflora
Agaloma marginata,Euphorbia marginata
Agastache foeniculum,Agastache foeniculum
Agastache pallidiflora,Agastache pallidiflora
Agastache urticifolia,Agastache urticifolia
Ageratina herbacea,Ageratina herbacea
Agoseris aurantiaca,Agoseris aurantiaca
Agoseris aurantiaca var. aurantiaca,Agoseris aurantiaca var. aurantiaca
Agoseris aurantiaca var. purpurea,Agoseris aurantiaca var. purpurea
Agoseris glauca,Agoseris glauca
Agoseris glauca var. dasycephala,Agoseris glauca var. dasycephala
Agoseris glauca var. glauca,Agoseris glauca var. glauca
Agoseris glauca var. laciniata,Agoseris parviflora
Agoseris heterophylla,Agoseris heterophylla
Agoseris heterophylla var. heterophylla,Agoseris heterophylla
Agoseris parviflora,Agoseris parviflora
Agrimonia striata,Agrimonia striata
Agropyron cristatum,Agropyron cristatum
Agropyron fragile,Agropyron fragile
Agropyron mongolicum,Agropyron fragile
Agrostemma githago,Agrostemma githago
Agrostis exarata,Agrostis exarata
Agrostis gigantea,Agrostis gigantea
Agrostis idahoensis,Agrostis idahoensis
Agrostis mertensii,Agrostis mertensii
Agrostis scabra,Agrostis scabra
Agrostis stolonifera,Agrostis stolonifera
Agrostis variabilis,Agrostis variabilis
Ailanthus altissima,Ailanthus altissima
Alcea rosea,Alcea rosea
Aletes acaulis,Aletes acaulis
Aletes anisatus,Aletes anisatus
Aletes eastwoodiae,Lomatium eastwoodiae
Aletes humilis,Aletes humilis
Aletes latilobus,Lomatium latilobum
Aletes lithophilus,Neoparrya lithophila
Aletes macdougalii ssp. breviradiatus,Aletes macdougalii ssp. breviradiatus
Aletes nuttallii,Lomatium nuttallii
Aletes petraeus,Pteryxia petraea
Aletes sessiliflorus,Aletes sessiliflorus
Aletes tenuifolius,Musineon tenuifolium
Alhagi maurorum,Alhagi maurorum
Aliciella haydenii,Aliciella haydenii
Aliciella leptomeria,Aliciella leptomeria
Aliciella mcvickerae,Aliciella mcvickerae
Aliciella micromeria,Aliciella micromeria
Aliciella penstemonoides,Aliciella penstemonoides
Aliciella pinnatifida,Aliciella pinnatifida
Aliciella sedifolia,Aliciella sedifolia
Aliciella stenothyrsa,Aliciella stenothyrsa
Aliciella triodon,Aliciella triodon
Alisma gramineum,Alisma gramineum
Alisma subcordatum,Alisma subcordatum
Alisma triviale,Alisma triviale
Alliaria petiolata,Alliaria petiolata
Allionia incarnata,Allionia incarnata
Allium acuminatum,Allium acuminatum
Allium brandegeei,Allium brandegeei
Allium brandegei,Allium brandegeei
Allium brevistylum,Allium brevistylum
Allium cernuum,Allium cernuum
Allium geyeri,Allium geyeri
Allium geyeri var. geyeri,Allium geyeri var. geyeri
Allium geyeri var. tenerum,Allium geyeri var. tenerum
Allium macropetalum,Allium macropetalum
Allium nevadense,Allium nevadense
Allium rubrum,Allium geyeri var. tenerum
Allium sativum,Allium sativum
Allium schoenoprasum,Allium schoenoprasum
Allium schoenoprasum var. sibiricum,Allium schoenoprasum
Allium textile,Allium textile
Almutaster pauciflorus,Almutaster pauciflorus
Alnus incana ssp. tenuifolia,Alnus incana ssp. tenuifolia
Alopecurus aequalis,Alopecurus aequalis
Alopecurus arundinaceus,Alopecurus arundinaceus
Alopecurus carolinianus,Alopecurus carolinianus
Alopecurus geniculatus,Alopecurus geniculatus
Alopecurus magellanicus Lam.,Alopecurus magellanicus
Alopecurus magellenicus,Alopecurus magellanicus
Alopecurus pratensis,Alopecurus pratensis
Alsinanthe macrantha,Sabulina macrantha
Alsinanthe stricta,Sabulina stricta
Alsine media,Stellaria media
Alyssum alyssoides,Alyssum alyssoides
Alyssum desertorum,Alyssum desertorum
Alyssum murale,Alyssum murale
Alyssum parviflorum,Alyssum simplex
Alyssum simplex,Alyssum simplex
Amaranthus albus,Amaranthus albus
Amaranthus arenicola,Amaranthus arenicola
Amaranthus blitoides,Amaranthus blitoides
Amaranthus hybridus,Amaranthus hybridus
Amaranthus palmeri,Amaranthus palmeri
Amaranthus powellii,Amaranthus powellii
Amaranthus retroflexus,Amaranthus retroflexus
Amaranthus wrightii,Amaranthus wrightii
Ambrosia acanthicarpa,Ambrosia acanthicarpa
Ambrosia artemisiifolia,Ambrosia artemisiifolia
Ambrosia artemisiifolia var. elatior,Ambrosia artemisiifolia
Ambrosia confertiflora,Ambrosia confertiflora
Ambrosia grayi,Ambrosia grayi
Ambrosia linearis,Ambrosia linearis
Ambrosia psilostachya,Ambrosia psilostachya
Ambrosia psilostachya var. coronopifolia,Ambrosia psilostachya
Ambrosia tomentosa,Ambrosia tomentosa
Ambrosia trifida,Ambrosia trifida var. trifida
Ambrosia trifida var. trifida,Ambrosia trifida var. trifida
Amelanchier alnifolia,Amelanchier alnifolia
Amelanchier alnifolia var. alnifolia,Amelanchier alnifolia var. alnifolia
Amelanchier alnifolia var. pumila,Amelanchier alnifolia var. pumila
Amelanchier alnifolia var. utahensis,Amelanchier alnifolia var. utahensis
Amelanchier utahensis,Amelanchier alnifolia var. utahensis
Amerosedum lanceolatum,Sedum lanceolatum
Ammannia robusta,Ammannia robusta
Amorpha canescens,Amorpha canescens
Amorpha fruticosa,Amorpha fruticosa
Amorpha nana,Amorpha nana
Amphiscirpus nevadensis,Amphiscirpus nevadensis
Amsinckia lycopsoides,Amsinckia lycopsoides
Amsinckia menziesii,Amsinckia menziesii var. menziesii
Amsinckia menziesii var. menziesii,Amsinckia menziesii var. menziesii
Amsonia jonesii,Amsonia jonesii
Anagallis arvensis,Lysimachia arvensis
Anagallis minima,Lysimachia minima
Anaphalis margaritacea,Anaphalis margaritacea
Anchusa azurea,Anchusa azurea
Anchusa officinalis,Anchusa officinalis
Andropogon gerardii,Andropogon gerardii
Andropogon hallii,Andropogon hallii
Androsace chamaejasme ssp. carinata,Androsace lehmanniana
Androsace filiformis,Androsace filiformis
Androsace occidentalis,Androsace occidentalis
Androsace septentrionalis,Androsace septentrionalis
Androstephium breviflorum,Androstephium breviflorum
Anemonastrum narcissiflorum ssp. zephyrum,Anemonastrum zephyrum
Anemone canadensis,Anemonastrum canadense
Anemone cylindrica,Anemone cylindrica
Anemone multifida,Anemone multifida
Anemone narcissiflora var. zephyra,Anemonastrum zephyrum
Anemone parviflora,Anemone parviflora
Anemone patens var. multifida,Pulsatilla nuttalliana
Anemonidium canadense,Anemonastrum canadense
Anemopsis californica,Anemopsis californica
Angelica ampla,Angelica ampla
Angelica grayi,Angelica grayi
Angelica pinnata,Angelica pinnata
Anisantha diandra,Bromus diandrus
Anisantha rubens,Bromus rubens
Anisantha sterilis,Bromus sterilis
Anisantha tectorum,Bromus tectorum
Anoda cristata,Anoda cristata
Anotites menziesii,Silene menziesii
Antennaria anaphaloides,Antennaria anaphaloides
Antennaria corymbosa,Antennaria corymbosa
Antennaria dimorpha,Antennaria dimorpha
Antennaria howellii,Antennaria neglecta
Antennaria luzuloides,Antennaria luzuloides ssp. luzuloides
Antennaria luzuloides ssp. luzuloides,Antennaria luzuloides ssp. luzuloides
Antennaria marginata,Antennaria marginata
Antennaria media,Antennaria media
Antennaria microphylla,Antennaria microphylla
Antennaria neglecta,Antennaria neglecta
Antennaria parvifolia,Antennaria parvifolia
Antennaria pulcherrima,Antennaria pulcherrima
Antennaria pulcherrima ssp. anaphaloides,Antennaria anaphaloides
Antennaria rosea,Antennaria rosea
Antennaria rosulata,Antennaria rosulata
Antennaria umbrinella,Antennaria umbrinella
Anthemis arvensis,Anthemis arvensis
Anthemis cotula,Anthemis cotula
Anthemis tinctoria,Anthemis tinctoria
Anthoxanthum hirtum,Anthoxanthum nitens 
Anthoxanthum odoratum,Anthoxanthum odoratum
Anticlea elegans,Anticlea elegans
Anticlea vaginata,Anticlea vaginata
Anticlea virescens,Anticlea virescens
Apera interrupta,Apera interrupta
Aphyllon fasciculatum,Aphyllon fasciculatum
Aphyllon uniflorum,Aphyllon purpureum
Apios americana,Apios americana
Apocynum ×floribundum,Apocynum x floribundum
Apocynum androsaemifolium,Apocynum androsaemifolium
Apocynum cannabinum,Apocynum cannabinum
Apocynum medium,Apocynum x floribundum
Apocynum x medium,Apocynum x floribundum
Aquilegia barnebyi,Aquilegia barnebyi
Aquilegia chrysantha,Aquilegia chrysantha
Aquilegia chrysantha var. rydbergii,Aquilegia chrysantha
Aquilegia coerulea,Aquilegia coerulea
Aquilegia coerulea var. coerulea,Aquilegia coerulea var. coerulea
Aquilegia coerulea var. ochroleuca,Aquilegia coerulea var. ochroleuca
Aquilegia elegantula,Aquilegia elegantula
Aquilegia micrantha,Aquilegia micrantha
Aquilegia saximontana,Aquilegia saximontana
Arabis hirsuta,Arabis pycnocarpa var. pycnocarpa
Arabis pycnocarpa,Arabis pycnocarpa var. pycnocarpa
Arabis pycnocarpa var. pycnocarpa,Arabis pycnocarpa var. pycnocarpa
Aralia nudicaulis,Aralia nudicaulis
Aralia racemosa,Aralia bicrenata
Aralia racemosa ssp. bicrenata,Aralia bicrenata
Arceuthobium americanum,Arceuthobium americanum
Arceuthobium cyanocarpum,Arceuthobium cyanocarpum
Arceuthobium divaricatum,Arceuthobium divaricatum
Arceuthobium douglasii,Arceuthobium douglasii
Arceuthobium vaginatum ssp. cryptopodum,Arceuthobium vaginatum ssp. cryptopodum
Arctium lappa,Arctium lappa
Arctium minus,Arctium minus
Arctium tomentosum,Arctium tomentosum
Arctostaphylos patula,Arctostaphylos patula
Arctostaphylos patula ssp. platyphylla,Arctostaphylos patula
Arctostaphylos uva-ursi,Arctostaphylos uva-ursi
Arenaria lanuginosa ssp. saxosa,Arenaria lanuginosa var. saxosa
Arenaria serpyllifolia,Arenaria serpyllifolia
Argemone corymbosa ssp. arenicola,Argemone corymbosa ssp. arenicola
Argemone hispida,Argemone hispida
Argemone polyanthemos,Argemone polyanthemos
Argemone squarrosa,Argemone squarrosa ssp. squarrosa
Argemone squarrosa ssp. squarrosa,Argemone squarrosa ssp. squarrosa
Argentina anserina,Argentina anserina
Argillochloa dasyclada,Festuca dasyclada
Argyrochosma fendleri,Argyrochosma fendleri
Argythamnia humilis,Ditaxis humilis
Argythamnia mercurialina,Ditaxis mercurialina
Arida parviflora,Leucosyris parviflora
Aristida adscensionis,Aristida adscensionis
Aristida basiramea,Aristida basiramea
Aristida dichotoma,Aristida dichotoma
Aristida divaricata,Aristida divaricata
Aristida havardii,Aristida havardii
Aristida oligantha,Aristida oligantha
Aristida purpurea,Aristida purpurea
Aristida purpurea var. fendleriana,Aristida purpurea var. fendleriana
Aristida purpurea var. longiseta,Aristida purpurea var. longiseta
Aristida purpurea var. nealleyi,Aristida purpurea var. nealleyi
Aristida purpurea var. purpurea,Aristida purpurea var. purpurea
Aristida purpurea var. wrightii,Aristida purpurea var. wrightii
Aristida wrightii,Aristida purpurea var. wrightii
Armeniaca vulgaris,Prunus armeniaca
Armeria maritima ssp. sibirica,Armeria maritima ssp. sibirica
Armeria scabra ssp. sibirica,Armeria maritima ssp. sibirica
Armoracia rusticana,Armoracia rusticana
Arnica alpina ssp. tomentosa,Arnica angustifolia ssp. tomentosa
Arnica angustifolia ssp. tomentosa,Arnica angustifolia ssp. tomentosa
Arnica chamissonis,Arnica chamissonis
Arnica chamissonis ssp. foliosa,Arnica chamissonis
Arnica cordifolia,Arnica cordifolia
Arnica fulgens,Arnica fulgens
Arnica gracilis,Arnica gracilis
Arnica latifolia,Arnica latifolia
Arnica longifolia,Arnica longifolia
Arnica mollis,Arnica mollis
Arnica parryi,Arnica parryi
Arnica rydbergii,Arnica rydbergii
Arrhenatherum elatius,Arrhenatherum elatius
Artemisia abrotanum,Artemisia abrotanum
Artemisia absinthium,Artemisia absinthium
Artemisia annua,Artemisia annua
Artemisia arbuscula,Artemisia arbuscula
Artemisia arbuscula ssp. arbuscula,Artemisia arbuscula ssp. arbuscula
Artemisia arbuscula ssp. longiloba,Artemisia arbuscula ssp. longiloba
Artemisia arctica,Artemisia arctica
Artemisia arctica ssp. saxicola,Artemisia arctica
Artemisia biennis,Artemisia biennis
Artemisia biennis var. biennis,Artemisia biennis
Artemisia bigelovii,Artemisia bigelovii
Artemisia campestris,Artemisia campestris
Artemisia campestris var. caudata,Artemisia campestris ssp. caudata
Artemisia campestris var. pacifica,Artemisia campestris ssp. pacifica
Artemisia campestris var. purshii,Artemisia campestris var. purshii
Artemisia cana,Artemisia cana
Artemisia cana ssp. cana,Artemisia cana ssp. cana
Artemisia cana ssp. viscidula,Artemisia cana ssp. viscidula
Artemisia carruthii,Artemisia carruthii
Artemisia dracunculus,Artemisia dracunculus
Artemisia filifolia,Artemisia filifolia
Artemisia franserioides,Artemisia franserioides
Artemisia frigida,Artemisia frigida
Artemisia laciniata ssp. parryi,Artemisia parryi
Artemisia longifolia,Artemisia longifolia
Artemisia ludoviciana,Artemisia ludoviciana
Artemisia ludoviciana ssp. albula,Artemisia ludoviciana ssp. albula
Artemisia ludoviciana ssp. incompta,Artemisia ludoviciana ssp. incompta
Artemisia ludoviciana ssp. ludoviciana,Artemisia ludoviciana ssp. ludoviciana
Artemisia ludoviciana ssp. mexicana,Artemisia ludoviciana ssp. mexicana
Artemisia ludoviciana var. albula,Artemisia ludoviciana ssp. albula
Artemisia ludoviciana var. incompta,Artemisia ludoviciana ssp. incompta
Artemisia ludoviciana var. ludoviciana,Artemisia ludoviciana ssp. ludoviciana
Artemisia ludoviciana var. mexicana,Artemisia ludoviciana ssp. mexicana
Artemisia michauxiana,Artemisia michauxiana
Artemisia nova,Artemisia nova
Artemisia parryi,Artemisia parryi
Artemisia pattersonii,Artemisia pattersonii
Artemisia pedatifida,Artemisia pedatifida
Artemisia pygmaea,Artemisia pygmaea
Artemisia scopulorum,Artemisia scopulorum
Artemisia spiciformis,Artemisia spiciformis
Artemisia spinescens,Artemisia spinescens
Artemisia tridentata,Artemisia tridentata
Artemisia tridentata var. tridentata,Artemisia tridentata ssp. tridentata
Artemisia tridentata var. vaseyana,Artemisia tridentata ssp. vaseyana
Artemisia tridentata var. wyomingensis,Artemisia tridentata ssp. wyomingensis
Artemisia tripartita var. tripartita,Artemisia tripartita ssp. tripartita
Asclepias arenaria,Asclepias arenaria
Asclepias asperula,Asclepias asperula ssp. asperula
Asclepias asperula ssp. asperula,Asclepias asperula ssp. asperula
Asclepias cryptoceras,Asclepias cryptoceras ssp. cryptoceras
Asclepias cryptoceras ssp. cryptoceras,Asclepias cryptoceras ssp. cryptoceras
Asclepias engelmanniana,Asclepias engelmanniana
Asclepias hallii,Asclepias hallii
Asclepias incarnata,Asclepias incarnata
Asclepias involucrata,Asclepias involucrata
Asclepias latifolia,Asclepias latifolia
Asclepias macrosperma,Asclepias macrosperma
Asclepias macrotis,Asclepias macrotis
Asclepias oenotheroides,Asclepias oenotheroides
Asclepias pumila,Asclepias pumila
Asclepias rusbyi,Asclepias rusbyi
Asclepias speciosa,Asclepias speciosa
Asclepias stenophylla,Asclepias stenophylla
Asclepias subverticillata,Asclepias subverticillata
Asclepias tuberosa ssp. interior,Asclepias tuberosa ssp. interior
Asclepias tuberosa ssp. terminalis,Asclepias tuberosa ssp. interior
Asclepias uncialis,Asclepias uncialis ssp. uncialis
Asclepias uncialis ssp. uncialis,Asclepias uncialis ssp. uncialis
Asclepias viridiflora,Asclepias viridiflora
Askellia nana,Askellia pygmaea
Asparagus officinalis,Asparagus officinalis
Asperugo procumbens,Asperugo procumbens
Asplenium adiantum-nigrum,Asplenium adiantum-nigrum
Asplenium platyneuron,Asplenium platyneuron
Asplenium resiliens,Asplenium resiliens
Asplenium septentrionale,Asplenium septentrionale
Asplenium trichomanes,Asplenium trichomanes ssp. trichomanes
Asplenium trichomanes ssp. trichomanes,Asplenium trichomanes ssp. trichomanes
Asplenium trichomanes-ramosum,Asplenium viride
Asplenium viride,Asplenium viride
Aster alpinus var. vierhapperi,Aster alpinus var. vierhapperi
Aster bracteolatus,Symphyotrichum eatonii
Aster foliaceus,Symphyotrichum foliaceum
Aster junciformis,Symphyotrichum boreale
Aster laevis var. geyeri,Symphyotrichum laeve var. geyeri
Aster lanceolatus ssp. hesperius,Symphyotrichum lanceolatum ssp. hesperium
Aster porteri,Symphyotrichum porteri
Aster spathulatus,Symphyotrichum spathulatum
Astragalus adsurgens var. robustior,Astragalus laxmannii var. robustior
Astragalus agrestis,Astragalus agrestis
Astragalus allochrous var. playanus,Astragalus allochrous var. playanus
Astragalus alpinus,Astragalus alpinus
Astragalus americanus,Astragalus americanus
Astragalus amphioxys var. vespertinus,Astragalus amphioxys var. vespertinus
Astragalus anisus,Astragalus anisus
Astragalus aretioides,Astragalus aretioides
Astragalus argophyllus var. martinii,Astragalus argophyllus var. martinii
Astragalus asclepiadoides,Astragalus asclepiadoides
Astragalus australis,Astragalus australis
Astragalus australis var. glabriusculus,Astragalus australis
Astragalus bisulcatus,Astragalus bisulcatus
Astragalus bisulcatus var. bisulcatus,Astragalus bisulcatus var. bisulcatus
Astragalus bisulcatus var. haydenianus,Astragalus bisulcatus var. haydenianus
Astragalus bodinii,Astragalus bodinii
Astragalus brandegeei,Astragalus brandegeei
Astragalus brandegei,Astragalus brandegeei
Astragalus calycosus,Astragalus calycosus
Astragalus calycosus var. calycosus,Astragalus calycosus var. calycosus
Astragalus calycosus var. scaposus,Astragalus calycosus var. scaposus
Astragalus canadensis,Astragalus canadensis
Astragalus canadensis var. brevidens,Astragalus canadensis var. brevidens
Astragalus canadensis var. canadensis,Astragalus canadensis var. canadensis
Astragalus ceramicus,Astragalus ceramicus
Astragalus ceramicus var. ceramicus,Astragalus ceramicus var. ceramicus
Astragalus ceramicus var. filifolius,Astragalus ceramicus var. filifolius
Astragalus cerussatus,Astragalus cerussatus
Astragalus chamaeleuce,Astragalus chamaeleuce var. chamaeleuce
Astragalus chamaeleuce var. chamaeleuce,Astragalus chamaeleuce var. chamaeleuce
Astragalus chloodes,Astragalus chloodes
Astragalus cibarius,Astragalus cibarius
Astragalus cicer,Astragalus cicer
Astragalus coltonii,Astragalus coltonii
Astragalus coltonii var. coltonii,Astragalus coltonii var. coltonii
Astragalus coltonii var. moabensis,Astragalus coltonii var. moabensis
Astragalus convallarius,Astragalus convallarius
Astragalus crassicarpus,Astragalus crassicarpus
Astragalus cronquistii,Astragalus cronquistii
Astragalus debequaeus,Astragalus debequaeus
Astragalus desperatus,Astragalus desperatus
Astragalus desperatus var. desperatus,Astragalus desperatus var. desperatus
Astragalus desperatus var. neeseae,Astragalus desperatus var. neeseae
Astragalus deterior,Astragalus deterior
Astragalus detritalis,Astragalus detritalis
Astragalus drummondii,Astragalus drummondii
Astragalus duchesnensis,Astragalus duchesnensis
Astragalus eastwoodiae,Astragalus eastwoodiae
Astragalus eucosmus,Astragalus eucosmus
Astragalus falcatus,Astragalus falcatus
Astragalus flavus,Astragalus flavus
Astragalus flexuosus,Astragalus flexuosus
Astragalus flexuosus var. diehlii,Astragalus flexuosus var. diehlii
Astragalus flexuosus var. flexuosus,Astragalus flexuosus var. flexuosus
Astragalus flexuosus var. greenei,Astragalus flexuosus var. greenei
Astragalus frigidus var. americanus,Astragalus americanus
Astragalus fucatus,Astragalus fucatus
Astragalus geyeri,Astragalus geyeri var. geyeri
Astragalus geyeri var. geyeri,Astragalus geyeri var. geyeri
Astragalus gilviflorus,Astragalus gilviflorus
Astragalus gracilis,Astragalus gracilis
Astragalus hallii,Astragalus hallii var. hallii
Astragalus hallii var. hallii,Astragalus hallii var. hallii
Astragalus haydenianus,Astragalus bisulcatus var. haydenianus
Astragalus humillimus,Astragalus humillimus
Astragalus humistratus var. humistratus,Astragalus humistratus var. humistratus
Astragalus hyalinus,Astragalus hyalinus
Astragalus iodopetalus,Astragalus iodopetalus
Astragalus jejunus,Astragalus jejunus
Astragalus kentrophyta,Astragalus kentrophyta
Astragalus kentrophyta ssp. elatus,Astragalus kentrophyta var. elatus
Astragalus kentrophyta ssp. implexus,Astragalus kentrophyta var. tegetarius
Astragalus kentrophyta ssp. kentrophyta,Astragalus kentrophyta var. kentrophyta
Astragalus kentrophyta var. elatus,Astragalus kentrophyta var. elatus
Astragalus kentrophyta var. kentrophyta,Astragalus kentrophyta var. kentrophyta
Astragalus kentrophyta var. tegetarius,Astragalus kentrophyta var. tegetarius
Astragalus laxmannii,Astragalus laxmannii var. robustior
Astragalus laxmannii var. robustior,Astragalus laxmannii var. robustior
Astragalus lentiginosus,Astragalus lentiginosus
Astragalus lentiginosus var. chartaceus,Astragalus lentiginosus var. chartaceus
Astragalus lentiginosus var. diphysus,Astragalus lentiginosus var. diphysus
Astragalus lentiginosus var. palans,Astragalus lentiginosus var. palans
Astragalus leptaleus,Astragalus leptaleus
Astragalus linifolius,Astralus rafaelensis
Astragalus lonchocarpus,Astragalus lonchocarpus
Astragalus lotiflorus,Astragalus lotiflorus
Astragalus lutosus,Astragalus lutosus
Astragalus megacarpus,Astragalus megacarpus
Astragalus microcymbus,Astragalus microcymbus
Astragalus miser var. oblongifolius,Astragalus miser var. oblongifolius
Astragalus missouriensis,Astragalus missouriensis
Astragalus missouriensis var. amphibolus,Astragalus missouriensis var. amphibolus
Astragalus missouriensis var. humistratus,Astragalus missouriensis var. humistratus
Astragalus missouriensis var. missouriensis,Astragalus missouriensis var. missouriensis
Astragalus mollissimus,Astragalus mollissimus
Astragalus mollissimus var. thompsoniae,Astragalus thompsoniae 
Astragalus molybdenus,Astragalus molybdenus
Astragalus monumentalis,Astragalus monumentalis var. cottamii
Astragalus monumentalis var. cottamii,Astragalus monumentalis var. cottamii
Astragalus musiniensis,Astragalus musiniensis
Astragalus naturitensis,Astragalus naturitensis
Astragalus nelsonianus,Astragalus pectinatus var. platyphyllus
Astragalus newberryi,Astragalus newberryi var. newberryi
Astragalus newberryi var. newberryi,Astragalus newberryi var. newberryi
Astragalus nuttallianus var. micranthemiformis,Astragalus nuttallianus var. micranthiformis
Astragalus nuttallianus var. micranthiformis,Astragalus nuttallianus var. micranthiformis
Astragalus oöcalycis,Astragalus oocalycis
Astragalus oöphorus var. caulescens,Astragalus oophorus var. caulescens
Astragalus oocalycis,Astragalus oocalycis
Astragalus oophorus var. caulescens,Astragalus oophorus var. caulescens
Astragalus osterhoutii,Astragalus osterhoutii
Astragalus parryi,Astragalus parryi
Astragalus pattersonii,Astragalus pattersonii
Astragalus pectinatus,Astragalus pectinatus
Astragalus pectinatus var. pectinatus,Astragalus pectinatus var. pectinatus
Astragalus pectinatus var. platyphyllus,Astragalus pectinatus var. platyphyllus
Astragalus piscator,Astragalus piscator
Astragalus plattensis,Astragalus plattensis
Astragalus praelongus,Astragalus praelongus
Astragalus praelongus var. lonchopus,Astragalus praelongus var. lonchopus
Astragalus praelongus var. praelongus,Astragalus praelongus var. praelongus
Astragalus preussii,Astragalus preussii
Astragalus proximus,Astragalus proximus
Astragalus pubentissimus,Astragalus pubentissimus
Astragalus puniceus,Astragalus puniceus var. puniceus
Astragalus puniceus var. puniceus,Astragalus puniceus var. puniceus
Astragalus purshii,Astragalus purshii var. purshii
Astragalus purshii var. purshii,Astragalus purshii var. purshii
Astragalus racemosus,Astragalus racemosus
Astragalus racemosus var. racemosus,Astragalus racemosus var. racemosus
Astragalus racemosus var. treleasei,Astragalus racemosus var. treleasei
Astragalus rafaelensis,Astragalus rafaelensis
Astragalus ripleyi,Astragalus ripleyi
Astragalus robbinsii var. minor,Astragalus robbinsii var. minor
Astragalus saurinus,Astragalus saurinus
Astragalus schmolliae,Astragalus schmolliae
Astragalus scopulorum,Astragalus scopulorum
Astragalus sericoleucus,Astragalus sericoleucus
Astragalus sesquiflorus,Astragalus sesquiflorus
Astragalus shortianus,Astragalus shortianus
Astragalus sparsiflorus,Astragalus sparsiflorus
Astragalus sparsiflorus var. majusculus,Astragalus sparsiflorus var. majusculus
Astragalus sparsiflorus var. sparsiflorus,Astragalus sparsiflorus var. sparsiflorus
Astragalus spatulatus,Astragalus spatulatus
Astragalus tenellus,Astragalus tenellus
Astragalus thompsoniae,Astragalus thompsoniae 
Astragalus tortipes,Astragalus tortipes
Astragalus tridactylicus,Astragalus tridactylicus
Astragalus wetherillii,Astragalus wetherillii
Astragalus wingatanus,Astragalus wingatanus
Astragalus wootonii,Astragalus allochrous var. playanus
Astrolepis cochisensis ssp. cochisensis,Astrolepis cochisensis ssp. cochisensis
Astrolepis integerrima,Astrolepis integerrima
Athyrium alpestre var. americanum,Athyrium distentifolium
Athyrium distentifolium,Athyrium distentifolium
Athyrium distentifolium ssp. americanum,Athyrium distentifolium
Athyrium filix-femina,Athyrium filix-femina var. californicum
Athyrium filix-femina var. californicum,Athyrium filix-femina var. californicum
Atragene columbiana,Clematis columbiana var. columbiana
Atragene occidentalis,Clematis grosseserrata
Atriplex argentea,Atriplex argentea
Atriplex canescens,Atriplex canescens
Atriplex confertifolia,Atriplex confertifolia
Atriplex corrugata,Atriplex corrugata
Atriplex dioica,Atriplex subspicata
Atriplex gardneri,Atriplex gardneri
Atriplex graciliflora,Atriplex graciliflora
Atriplex grayi,Grayia spinosa
Atriplex heterosperma,Atriplex micrantha
Atriplex hortensis,Atriplex hortensis
Atriplex obovata,Atriplex obovata
Atriplex patula,Atriplex patula
Atriplex pleiantha,Proatriplex pleiantha
Atriplex powellii,Atriplex powellii
Atriplex rosea,Atriplex rosea
Atriplex saccaria,Atriplex saccaria
Atriplex subspicata,Atriplex subspicata
Atriplex suckleyi,Stutzia dioica
Atriplex truncata,Atriplex truncata
Atriplex wolfii,Atriplex wolfii
Atriplex wolfii var. tenuissima,Atriplex tenuissima
Atriplex wolfii var. wolfii,Atriplex wolfii
Avena fatua,Avena fatua
Avena fatua var. sativa,Avena sativa
Avena sativa,Avena sativa
Avenula hookeri,Helictotrichon hookeri
Axyris amaranthoides,Axyris amaranthoides
Azaleastrum albiflorum ssp. warrenii,Rhododendron albiflorum
Azolla mexicana,Azolla mexicana
Baccharis salicina,Baccharis salicina
Baccharis wrightii,Baccharis wrightii
Bacopa rotundifolia,Bacopa rotundifolia
Bahia dissecta,Hymenothrix dissecta
Balsamita major,Tanacetum balsamita
Balsamorhiza hispidula,Balsamorhiza hispidula
Balsamorhiza sagittata,Balsamorhiza sagittata
Barbarea orthoceras,Barbarea orthoceras
Barbarea vulgaris,Barbarea vulgaris
Bassia hyssopifolia,Bassia hyssopifolia
Bassia sieversiana,Bassia scoparia ssp. scoparia
Batrachium aquatile,Ranunculus aquatilis var. diffusus
Batrachium circinatum ssp. subrigidum,Ranunculus aquatilis var. diffusus
Beckmannia syzigachne,Beckmannia syzigachne
Beckmannia syzigachne ssp. baicalensis,Beckmannia syzigachne
Berberis fendleri,Berberis fendleri
Berberis fremontii,Berberis fremontii
Berberis haematocarpa,Berberis haematocarpa
Berberis repens,Berberis repens
Berberis vulgaris,Berberis vulgaris
Bergia texana,Bergia texana
Berlandiera lyrata,Berlandiera lyrata
Berteroa incana,Berteroa incana
Berula erecta,Berula erecta
Besseya alpina,Synthyris alpina
Besseya plantaginea,Synthyris plantaginea
Besseya ritteriana,Synthyris ritteriana
Besseya wyomingensis,Synthyris wyomingensis
Betula fontinalis,Betula occidentalis
Betula glandulosa,Betula glandulosa
Betula occidentalis,Betula occidentalis
Betula papyrifera,Betula papyrifera var. papyrifera
Betula papyrifera var. papyrifera,Betula papyrifera var. papyrifera
Betula pendula,Betula pendula
Bidens bigelovii,Bidens bigelovii
Bidens cernua,Bidens cernua
Bidens comosa,Bidens tripartita
Bidens frondosa,Bidens frondosa
Bidens tenuisecta,Bidens tenuisecta
Bidens tripartita,Bidens tripartita
Bidens vulgata,Bidens vulgata
Bistorta bistortoides,Bistorta bistortoides
Bistorta vivipara,Bistorta vivipara
Blepharoneuron tricholepis,Muhlenbergia tricholepis 
Boechera consanguinea,Boechera consanguinea
Boechera crandallii,Boechera crandallii
Boechera divaricarpa,Boechera grahamii
Boechera drepanoloba,Boechera drepanoloba
Boechera drummondii,Boechera stricta
Boechera duchesnensis,Boechera duchesnensis
Boechera fendleri,Boechera fendleri
Boechera fernaldiana,Boechera fernaldiana ssp. vivariensis
Boechera fernaldiana var. vivariensis,Boechera fernaldiana ssp. vivariensis
Boechera formosa,Boechera formosa
Boechera glareosa,Boechera glareosa
Boechera gracilenta,Boechera gracilenta
Boechera gracilienta,Boechera gracilenta
Boechera grahamii,Boechera grahamii
Boechera gunnisoniana,Boechera gunnisoniana
Boechera lemmonii,Boechera lemmonii
Boechera lignifera,Boechera lignifera
Boechera oxylobula,Boechera oxylobula
Boechera pallidifolia,Boechera pallidifolia
Boechera pendulina,Boechera pendulina
Boechera perennans,Boechera perennans
Boechera pulchra ssp. pallens,Boechera formosa
Boechera retrofracta,Boechera retrofracta
Boechera selbyi,Boechera gracilenta
Boechera spatifolia,Boechera spatifolia
Boechera stricta,Boechera stricta
Bolboschoenus fluviatilis,Bolboschoenus fluviatilis
Bolboschoenus maritimus ssp. paludosus,Bolboschoenus maritimus ssp. paludosus
Bolophyta alpina,Parthenium alpinum
Bolophyta ligulata,Parthenium ligulatum
Bolophyta tetraneuris,Parthenium tetraneuris
Bothriochloa barbinodis,Bothriochloa barbinodis
Bothriochloa bladhii,Bothriochloa bladhii
Bothriochloa ischaemum,Bothriochloa ischaemum
Bothriochloa ischaemum var. songarica,Bothriochloa ischaemum
Bothriochloa laguroides,Bothriochloa laguroides
Bothriochloa laguroides ssp. torreyana,Bothriochloa laguroides
Bothriochloa springfieldii,Bothriochloa springfieldii
"Botrychium ""neolunaria""",Botrychium neolunaria
Botrychium ascendens,Botrychium ascendens
Botrychium campestre,Botrychium lineare
"Botrychium campestre ssp. ""lineare""",Botrychium lineare
Botrychium campestre ssp. lineare,Botrychium lineare
Botrychium echo,Botrychium echo
Botrychium furculatum,Botrychium furculatum
Botrychium hesperium,Botrychium hesperium
Botrychium lanceolatum,Botrychium lanceolatum ssp. lanceolatum
Botrychium lanceolatum ssp. lanceolatum,Botrychium lanceolatum ssp. lanceolatum
"Botrychium lunaria var. ""crenulatum""",Botrychium crenulatum
Botrychium lunaria var. crenulatum,Botrychium crenulatum
Botrychium minganense,Botrychium minganense
Botrychium multifidum ssp. coulteri,Sceptridium multifidum
Botrychium neolunaria,Botrychium neolunaria
Botrychium pallidum,Botrychium furculatum
Botrychium paradoxum,Botrychium paradoxum
Botrychium pinnatum,Botrychium pinnatum
Botrychium simplex,Botrychium simplex
Botrychium simplex var. compositum,Botrychium simplex var. compositum
Botrychium simplex var. simplex,Botrychium simplex var. simplex
Botrychium spathulatum,Botrychium spathulatum
Botrychium tunux,Botrychium tunux
Botrypus virginianus,Botrypus virginianus
Botrypus virginianus ssp. europaeus,Botrypus virginianus
Bouteloua barbata,Bouteloua barbata
Bouteloua curtipendula,Bouteloua curtipendula
Bouteloua eriopoda,Bouteloua eriopoda
Bouteloua gracilis,Bouteloua gracilis
Bouteloua hirsuta var. hirsuta,Bouteloua hirsuta var. hirsuta
Bouteloua simplex,Bouteloua simplex
Brachyactis ciliata ssp. angusta,Symphyotrichum ciliatum
Brachyactis frondosa,Symphyotrichum frondosum
Brachypodium distachyon,Brachypodium distachyon
Brassica elongata,Brassica elongata
Brassica elongata var. integrifolia,Brassica elongata
Brassica juncea,Brassica juncea
Brassica napus,Brassica napus
Brassica nigra,Brassica nigra
Brassica rapa,Brassica rapa
Braya glabella,Braya glabella ssp. glabella
Braya glabella ssp. glabella,Braya glabella ssp. glabella
Braya humilis,Braya humilis ssp. humilis
Braya humilis ssp. humilis,Braya humilis ssp. humilis
Breea arvensis,Cirsium arvense
Brickellia brachyphylla,Brickellia brachyphylla
Brickellia californica,Brickellia californica
Brickellia eupatorioides,Brickellia eupatorioides
Brickellia grandiflora,Brickellia grandiflora
Brickellia longifolia,Brickellia longifolia
Brickellia microphylla,Brickellia microphylla var. scabra
Brickellia microphylla ssp. scabra,Brickellia microphylla var. scabra
Brickellia microphylla var. scabra,Brickellia microphylla var. scabra
Brickellia oblongifolia,Brickellia oblongifolia var. linifolia
Brickellia oblongifolia var. linifolia,Brickellia oblongifolia var. linifolia
Bromelica bulbosa,Melica bulbosa
Bromelica spectabilis,Melica spectabilis
Bromelica subulata,Melica subulata var. subulata
Bromopsis canadensis,Bromus ciliatus
Bromopsis ciliata,Bromus ciliatus
Bromopsis inermis,Bromus inermis
Bromopsis lanatipes,Bromus lanatipes
Bromopsis porteri,Bromus porteri
Bromopsis pubescens,Bromus pubescens
Bromopsis pumpelliana,Bromus pumpellianus
Bromus briziformis,Bromus briziformis
Bromus carinatus,Bromus carinatus
Bromus ciliatus,Bromus ciliatus
Bromus commutatus,Bromus commutatus
Bromus diandrus,Bromus diandrus
Bromus frondosus,Bromus frondosus
Bromus hordeaceus,Bromus hordeaceus ssp. hordeaceus
Bromus hordeaceus ssp. hordeaceus,Bromus hordeaceus ssp. hordeaceus
Bromus inermis,Bromus inermis
Bromus japonicus,Bromus japonicus
Bromus lanatipes,Bromus lanatipes
Bromus mucroglumis,Bromus mucroglumis
Bromus polyanthus,Bromus polyanthus
Bromus porteri,Bromus porteri
Bromus pubescens,Bromus pubescens
Bromus pumpellianus,Bromus pumpellianus
Bromus racemosus,Bromus racemosus
Bromus richardsonii,Bromus richardsonii
Bromus rubens,Bromus rubens
Bromus secalinus,Bromus secalinus
Bromus squarrosus,Bromus squarrosus
Bromus sterilis,Bromus sterilis
Bromus tectorum,Bromus tectorum
Buchloë dactyloides,Buchloe dactyloides
Buglossoides arvense,Lithospermum arvense
Bupleurum americanum,Bupleurum americanum
Bupleurum triradiatum ssp. arcticum,Bupleurum americanum
Caesalpinia jamesii,Pomaria jamesii
Calamagrostis canadensis,Calamagrostis canadensis
Calamagrostis montanensis,Calamagrostis montanensis
Calamagrostis purpurascens,Calamagrostis purpurascens
Calamagrostis rubescens,Calamagrostis rubescens
Calamagrostis scopulorum,Calamagrostis scopulorum
Calamagrostis stricta,Calamagrostis stricta
Calamovilfa gigantea,Calamovilfa gigantea
Calamovilfa longifolia,Calamovilfa longifolia
Callirhoë involucrata,Callirhoe involucrata
Callirhoe involucrata,Callirhoe involucrata
Callitriche hermaphroditica,Callitriche hermaphroditica
Callitriche heterophylla,Callitriche heterophylla ssp. heterophylla
Callitriche heterophylla ssp. heterophylla,Callitriche heterophylla ssp. heterophylla
Callitriche palustris,Callitriche palustris
Callitriche stenoptera,Callitriche hermaphroditica
Callitriche verna,Callitriche palustris
Calochortus flexuosus,Calochortus flexuosus
Calochortus gunnisonii,Calochortus gunnisonii
Calochortus nuttallii,Calochortus nuttallii
Caltha leptosepala,Caltha chionophila
Calylophus berlandieri,Calylophus berlandieri
Calylophus hartwegii ssp. pubescens,Oenothera hartwegii
Calylophus lavandulifolius,Oenothera lavandulifolia
Calylophus serrulatus,Oenothera serrulata var. serrulata
Calypso bulbosa,Calypso bulbosa var. americana
Calypso bulbosa var. americana,Calypso bulbosa var. americana
Calystegia macounii,Calystegia macounii
Calystegia sepium,Calystegia sepium
Calystegia sepium ssp. angulata,Calystegia sepium
Camelina alyssum,Camelina alyssum
Camelina microcarpa,Camelina microcarpa
Camelina rumelica,Camelina rumelica
Camelina sativa,Camelina sativa
Camissonia andina,Neoholmgrenia andina
Camissonia breviflora,Camissonia breviflora
Camissonia eastwoodiae,Chylismia eastwoodiae
Camissonia minor,Eremothera minor
Camissonia parvula,Camissonia parvula
Camissonia scapoidea,Chylismia scapoidea ssp. scapoidea
Camissonia subacaulis,Camissonia subacaulis
Camissonia walkeri,Chylismia walkeri
Campanula aparinoides,Campanula aparinoides
Campanula glomerata,Campanula glomerata
Campanula parryi,Campanula parryi var. parryi
Campanula parryi var. parryi,Campanula parryi var. parryi
Campanula rapunculoides,Campanula rapunculoides
Campanula rotundifolia,Campanula rotundifolia
Campanula uniflora,Campanula uniflora
Campsis radicans,Campsis radicans
Cannabis sativa,Cannabis sativa ssp. sativa
Cannabis sativa ssp. sativa,Cannabis sativa ssp. sativa
Capsella bursa-pastoris,Capsella bursa-pastoris
Caragana arborescens,Caragana arborescens
Caragana aurantiaca,Caragana aurantiaca
Cardamine breweri,Cardamine breweri
Cardamine cordifolia,Cardamine cordifolia
Cardamine oligosperma,Cardamine oligosperma
Cardamine oligosperma var. oligosperma,Cardamine oligosperma
Cardamine pensylvanica,Cardamine pensylvanica
Cardaria chalepensis,Lepidium chalepense
Cardaria draba,Lepidium draba
Cardaria latifolia,Lepidium latifolium
Cardaria pubescens,Lepidium appelianum
Carduus acanthoides,Carduus acanthoides
Carduus nutans,Carduus nutans
Carduus nutans ssp. macrolepis,Carduus nutans
Carex albonigra,Carex albonigra
Carex albo-nigra,Carex albonigra
Carex angustior,Carex echinata ssp. echinata
Carex aquatilis,Carex aquatilis
Carex arapahoensis,Carex arapahoensis
Carex atherodes,Carex atherodes
Carex athrostachya,Carex athrostachya
Carex atrata,Carex heteroneura
Carex atrosquama,Carex atrosquama
Carex aurea,Carex aurea
Carex backii,Carex backii
Carex bebbii,Carex bebbii
Carex bella,Carex bella
Carex brevior,Carex brevior
Carex brunnescens,Carex brunnescens
Carex buxbaumii,Carex buxbaumii
Carex canescens,Carex canescens ssp. canescens
Carex canescens ssp. canescens,Carex canescens ssp. canescens
Carex capillaris,Carex capillaris
Carex capitata,Carex capitata
Carex capitata ssp. arctogena,Carex capitata
Carex chalciolepis,Carex chalciolepis
Carex concinna,Carex concinna
Carex conoidea,Carex conoidea
Carex crawei,Carex crawei
Carex crawfordii,Carex crawfordii
Carex deflexa var. boottii,Carex deflexa var. boottii
Carex deweyana,Carex deweyana
Carex diandra,Carex diandra
Carex dioica ssp. gynocrates,Carex gynocrates
Carex disperma,Carex disperma
Carex douglasii,Carex douglasii
Carex duriuscula,Carex duriuscula
Carex ebenea,Carex ebenea
Carex echinata,Carex echinata ssp. echinata
Carex echinata ssp. echinata,Carex echinata ssp. echinata
Carex egglestonii,Carex egglestonii
Carex elynoides,Carex elynoides
Carex emoryi,Carex emoryi
Carex engelmannii,Carex engelmannii
Carex epapillosa,Carex epapillosa
Carex exsiccata,Carex exsiccata
Carex filifolia,Carex filifolia
Carex foenea,Carex siccata
Carex fuliginosa,Carex fuliginosa
Carex geophila,Carex geophila
Carex geyeri,Carex geyeri
Carex gravida,Carex gravida
Carex gravida var. lunelliana,Carex gravida
Carex gynocrates,Carex gynocrates
Carex hassei,Carex hassei
Carex haydeniana,Carex haydeniana
Carex hepburnii,Carex nardina
Carex heteroneura,Carex heteroneura
Carex hoodii,Carex hoodii
Carex hystericina,Carex hystericina
Carex illota,Carex illota
Carex incurviformis,Carex incurviformis
Carex infirminervia,Carex infirminervia
Carex inops ssp. heliophila,Carex inops ssp. heliophila
Carex interior,Carex interior
Carex jonesii,Carex jonesii
Carex lachenalii,Carex lachenalii
Carex laeviculmis,Carex laeviculmis
Carex lanuginosa,Carex pellita
Carex lasiocarpa,Carex lasiocarpa
Carex lenticularis,Carex kelloggii
Carex lenticularis var. lipocarpa,Carex kelloggii
Carex leporinella,Carex leporinella
Carex leptalea,Carex leptalea
Carex limosa,Carex limosa
Carex livida,Carex livida
Carex macloviana,Carex macloviana
Carex magellanica ssp. irrigua,Carex magellanica ssp. irrigua
Carex maritima,Carex incurviformis
Carex media,Carex norvegica
Carex microglochin,Carex microglochin
Carex micropoda,Carex micropoda
Carex microptera,Carex microptera
Carex misandra,Carex fuliginosa
Carex nardina,Carex nardina
Carex nardina ssp. hepburnii,Carex nardina
Carex nebrascensis,Carex nebrascensis
Carex nelsonii,Carex nelsonii
Carex neurophora,Carex neurophora
Carex nigricans,Carex nigricans
Carex norvegica,Carex norvegica
Carex nova,Carex nova
Carex obtusata,Carex obtusata
Carex occidentalis,Carex occidentalis
Carex oreocharis,Carex oreocharis
Carex pachystachya,Carex pachystachya
Carex parryana,Carex holmgreniorum
Carex parryana ssp. hallii,Carex hallii
Carex parryana var. unica,Carex hallii
Carex paysonis,Carex paysonis
Carex peckii,Carex peckii
Carex pellita,Carex pellita
Carex pelocarpa,Carex pelocarpa
Carex pensylvanica ssp. heliophila,Carex inops ssp. heliophila
Carex perglobosa,Carex perglobosa
Carex petasata,Carex petasata
Carex phaeocephala,Carex phaeocephala
Carex pityophila,Carex pityophila
Carex praeceptorum,Carex praeceptorum
Carex praegracilis,Carex praegracilis
Carex praticola,Carex praticola
Carex pseudoscirpoidea,Carex pseudoscirpoidea
Carex raynoldsii,Carex raynoldsii
Carex retrorsa,Carex retrorsa
Carex rossii,Carex rossii
Carex rupestris,Carex rupestris
Carex rupestris ssp. drummondiana,Carex rupestris
Carex sartwellii,Carex sartwellii
Carex saxatilis,Carex saxatilis
Carex saxatilis ssp. laxa,Carex saxatilis
Carex saximontana,Carex saximontana
Carex scirpoidea,Carex scirpoidea
Carex scirpoidea ssp. pseudoscirpoidea,Carex pseudoscirpoidea
Carex scirpoidea ssp. scirpoidea,Carex scirpoidea ssp. scirpoidea
Carex scoparia,Carex scoparia var. scoparia
Carex scoparia var. scoparia,Carex scoparia var. scoparia
Carex scopulorum,Carex scopulorum
Carex sicatta,Carex siccata
Carex siccata,Carex siccata
Carex simulata,Carex simulata
Carex sprengelii,Carex sprengelii
Carex stenophylla ssp. eleocharis,Carex duriuscula
Carex stenoptila,Carex stenoptila
Carex stevenii,Carex stevenii
Carex stipata,Carex stipata var. stipata
Carex stipata var. stipata,Carex stipata var. stipata
Carex sychnocephala,Carex sychnocephala
Carex tahoensis,Carex tahoensis
Carex tenera,Carex tenera var. tenera
Carex tenera var. tenera,Carex tenera var. tenera
Carex tenuiflora,Carex tenuiflora
Carex torreyi,Carex torreyi
Carex utriculata,Carex utriculata
Carex vallicola,Carex vallicola
Carex vernacula,Carex vernacula
Carex vesicaria,Carex vesicaria
Carex viridula,Carex viridula ssp. viridula
Carex viridula ssp. viridula,Carex viridula ssp. viridula
Carex vulpinoidea,Carex vulpinoidea
Carex xerantica,Carex xerantica
Carthamus tinctorius,Carthamus tinctorius
Carum carvi,Carum carvi
Castilleja chromosa,Castilleja chromosa
Castilleja flava,Castilleja flava
Castilleja haydenii,Castilleja haydenii
Castilleja integra,Castilleja integra
Castilleja linariifolia,Castilleja linariifolia
Castilleja lineata,Castilleja lineata
Castilleja miniata,Castilleja miniata
Castilleja minor,Castilleja minor
Castilleja occidentalis,Castilleja occidentalis
Castilleja puberula,Castilleja puberula
Castilleja rhexifolia,Castilleja rhexiifolia
Castilleja rhexiifolia,Castilleja rhexiifolia
Castilleja scabrida,Castilleja scabrida var. scabrida
Castilleja scabrida var. scabrida,Castilleja scabrida var. scabrida
Castilleja sessiliflora,Castilleja sessiliflora
Castilleja sulphurea,Castilleja septentrionalis
Catabrosa aquatica,Catabrosa aquatica
Catalpa speciosa,Catalpa speciosa
Caulanthus crassicaulis,Caulanthus crassicaulis
Ceanothus fendleri,Ceanothus fendleri
Ceanothus herbaceus,Ceanothus herbaceus
Ceanothus martinii,Ceanothus martinii
Ceanothus velutinus,Ceanothus velutinus
Celtis reticulata,Celtis reticulata
Cenchrus longispinus,Cenchrus longispinus
Cenchrus spinifex,Cenchrus spinifex
Centaurea cyanus,Centaurea cyanus
Centaurea diffusa,Centaurea diffusa
Centaurea jacea,Centaurea jacea
Centaurea macrocephala,Centaurea macrocephala
Centaurea montana,Centaurea montana
Centaurea solstitialis,Centaurea solstitialis
Centaurea stoebe ssp. micranthos,Centaurea stoebe ssp. micranthos
Centaurea virgata,Centaurea virgata
Centaurium arizonicum,Centaurium arizonicum
Centaurium exaltatum,Centaurium exaltatum
Centaurium pulchellum,Centaurium pulchellum
Centunculus minimus,Lysimachia minima
Cerastium arvense ssp. strictum,Cerastium arvense ssp. strictum
Cerastium beeringianum,Cerastium beeringianum
Cerastium beeringianum ssp. earlei,Cerastium beeringianum
Cerastium brachypodum,Cerastium brachypodum
Cerastium fontanum,Cerastium fontanum ssp. vulgare
Cerastium fontanum ssp. vulgare,Cerastium fontanum ssp. vulgare
Cerastium nutans var. brachypodum,Cerastium brachypodum
Cerastium strictum,Cerastium arvense ssp. strictum
Cerasus pennsylvanica,Prunus pensylvanica
Cerasus pensylvanica,Prunus pensylvanica
Cerasus pumila ssp. besseyi,Prunus pumila var. besseyi
Ceratocephala orthoceras,Ranunculus testiculatus
Ceratochloa carinata,Bromus carinatus
Ceratophyllum demersum,Ceratophyllum demersum
Cercocarpus intricatus,Cercocarpus intricatus
Cercocarpus ledifolius,Cercocarpus ledifolius
Cercocarpus montanus,Cercocarpus montanus
Chaenactis alpina,Chaenactis douglasii var. alpina
Chaenactis douglasii,Chaenactis douglasii
Chaenactis douglasii var. alpina,Chaenactis douglasii var. alpina
Chaenactis douglasii var. douglasii,Chaenactis douglasii var. douglasii
Chaenactis stevioides,Chaenactis stevioides
Chaenorhinum minus,Chaenorhinum minus
Chaenorrhinum minus,Chaenorhinum minus
Chaetopappa ericoides,Chaetopappa ericoides
Chamaechaenactis scaposa,Chamaechaenactis scaposa
Chamaepericlymenum canadense,Cornus canadensis
Chamaerhodos erecta ssp. nuttallii,Chamaerhodos erecta var. parviflora
Chamaerhodos erecta var. parviflora,Chamaerhodos erecta var. parviflora
Chamaesaracha coniodes,Chamaesaracha coniodes
Chamaesaracha conioides,Chamaesaracha coniodes
Chamaesaracha coronopus,Chamaesaracha coronopus
Chamaesyce fendleri,Euphorbia fendleri
Chamaesyce geyeri,Euphorbia geyeri
Chamaesyce glyptosperma,Euphorbia glyptosperma
Chamaesyce lata,Euphorbia lata
Chamaesyce maculata,Euphorbia maculata
Chamaesyce missurica,Euphorbia missurica
Chamaesyce parryi,Euphorbia parryi
Chamaesyce prostrata,Euphorbia prostrata
Chamaesyce revoluta,Euphorbia revoluta
Chamaesyce serpens,Euphorbia serpens
Chamaesyce serpyllifolia,Euphorbia serpillifolia
Chamaesyce stictospora,Euphorbia stictospora
Chamaesyce supina,Euphorbia maculata
Chamerion angustifolium,Chamerion angustifolium
Chamerion danielsii,Chamerion angustifolium
Chamerion latifolium,Chamerion latifolium
Chamerion subdentatum,Chamerion latifolium
Cheilanthes eatonii,Myriopteris rufa
Cheilanthes féei,Myriopteris gracilis
Cheilanthes feei,Myriopteris gracilis
Cheilanthes fendleri,Myriopteris fendleri 
Cheilanthes wootonii,Myriopteris wootonii
Chelidonium majus var. majus,Chelidonium majus var. majus
Chenopodium album,Chenopodium album
Chenopodium album var. album,Chenopodium album var. album
Chenopodium album var. missouriense,Chenopodium album var. missouriense
Chenopodium album var. striatum,Chenopodium betaceum
Chenopodium atrovirens,Chenopodium atrovirens
Chenopodium berlandieri,Chenopodium berlandieri var. zschackii
Chenopodium berlandieri var. zschackii,Chenopodium berlandieri var. zschackii
Chenopodium capitatum,Blitum capitatum
Chenopodium chenopodioides,Oxybasis chenopodioides
Chenopodium cycloides,Chenopodium cycloides
Chenopodium desiccatum,Chenopodium desiccatum
Chenopodium foliosum,Blitum virgatum
Chenopodium fremontii,Chenopodium fremontii
Chenopodium glaucum,Oxybasis glauca
Chenopodium glaucum var. glaucum,Oxybasis glauca
Chenopodium glaucum var. salinum,Chenopodium glaucum var. salinum
Chenopodium hians,Chenopodium hians
Chenopodium incanum,Chenopodium incanum var. incanum
Chenopodium incanum var. incanum,Chenopodium incanum var. incanum
Chenopodium leptophyllum,Chenopodium leptophyllum
Chenopodium missouriense,Chenopodium album var. missouriense
Chenopodium overi,Blitum hastatum
Chenopodium pratericola,Chenopodium pratericola
Chenopodium rubrum,Oxybasis rubra
Chenopodium simplex,Chenopodiastrum simplex
Chenopodium strictum,Chenopodium betaceum
Chenopodium subglabrum,Chenopodium subglabrum
Chenopodium watsonii,Chenopodium watsonii
Chimaphila umbellata,Chimaphila umbellata
Chimaphila umbellata ssp. occidentalis,Chimaphila umbellata
Chionophila jamesii,Chionophila jamesii
Chloris verticillata,Chloris verticillata
Chloris virgata,Chloris virgata
Chlorocrepis albiflora,Hieracium albiflorum
Chlorocrepis fendleri,Hieracium fendleri
Chlorocrepis tristis ssp. gracilis,Hieracium triste
Chondrophylla aquatica,Gentiana fremontii
Chondrophylla prostrata,Gentiana prostrata
Chondrosum barbatum,Bouteloua barbata
Chondrosum eriopodum,Bouteloua eriopoda
Chondrosum gracile,Bouteloua gracilis
Chondrosum hirsutum,Bouteloua hirsuta var. hirsuta
Chondrosum prostratum,Bouteloua simplex
Chorispora tenella,Chorispora tenella
Chrysanthemum coronarium,Glebionis coronaria
Chrysosplenium tetrandrum,Chrysosplenium tetrandrum
Chrysothamnus baileyi,Lorandersonia baileyi
Chrysothamnus depressus,Chrysothamnus depressus
Chrysothamnus greenei,Chrysothamnus greenei
Chrysothamnus linifolius,Lorandersonia linifolia
Chrysothamnus nauseosus,Ericameria nauseosa
Chrysothamnus nauseosus ssp. bigelovii,Ericameria nauseosa var. bigelovii
Chrysothamnus nauseosus ssp. consimilis,Ericameria nauseosa var. oreophila
Chrysothamnus nauseosus ssp. graveolens,Ericameria nauseosa var. graveolens
Chrysothamnus nauseosus ssp. leiospermus,Ericameria nauseosa var. leiosperma
Chrysothamnus nauseosus ssp. nauseosus,Ericameria nauseosa var. nauseosa
Chrysothamnus parryi,Ericameria parryi
Chrysothamnus parryi ssp. affinis,Ericameria parryi var. affinis
Chrysothamnus parryi ssp. howardii,Ericameria parryi var. howardii
Chrysothamnus parryi ssp. parryi,Ericameria parryi var. parryi
Chrysothamnus pulchellus ssp. baileyi,Lorandersonia baileyi
Chrysothamnus vaseyi,Chrysothamnus vaseyi
Chrysothamnus viscidiflorus,Chrysothamnus viscidiflorus
Chrysothamnus viscidiflorus ssp. lanceolatus,Chrysothamnus viscidiflorus ssp. lanceolatus
Chrysothamnus viscidiflorus ssp. viscidiflorus,Chrysothamnus viscidiflorus ssp. viscidiflorus
Chrysothamnus viscidiflorus var. lanceolatus,Chrysothamnus viscidiflorus ssp. lanceolatus
Chrysothamnus viscidiflorus var. viscidiflorus,Chrysothamnus viscidiflorus ssp. viscidiflorus
Chylismia eastwoodiae,Chylismia eastwoodiae
Chylismia scapoidea ssp. scapoidea,Chylismia scapoidea ssp. scapoidea
Chylismia walkeri,Chylismia walkeri
Cichorium intybus,Cichorium intybus
Cicuta douglasii,Cicuta maculata
Cicuta maculata,Cicuta maculata
Ciliaria austromontana,Saxifraga bronchialis ssp. austromontana
Cinna latifolia,Cinna latifolia
Circaea alpina,Circaea alpina
Cirsium arizonicum var. bipinnatum,Cirsium calcareum
Cirsium arvense,Cirsium arvense
Cirsium barnebyi,Cirsium barnebyi
Cirsium calcareum,Cirsium calcareum
Cirsium canescens,Cirsium canescens
Cirsium centaureae,Cirsium centaureae
Cirsium clavatum,Cirsium griseum var. griseum
Cirsium clavatum var. americanum,Cirsium centaureae
Cirsium clavatum var. clavatum,Cirsium clavatum var. clavatum
Cirsium eatonii,Cirsium eatonii
Cirsium flodmanii,Cirsium flodmanii
Cirsium neomexicanum,Cirsium neomexicanum
Cirsium ochrocentrum,Cirsium ochrocentrum
Cirsium osterhoutii,Cirsium griseum var. osterhoutii
Cirsium ownbeyi,Cirsium ownbeyi
Cirsium parryi,Cirsium parryi
Cirsium perplexans,Cirsium perplexans
Cirsium pulcherrimum var. pulcherrimum,Cirsium pulcherrimum
Cirsium scariosum,Cirsium americanum
Cirsium scopulorum,Cirsium scopulorum
Cirsium tracyi,Cirsium tracyi
Cirsium undulatum,Cirsium undulatum
Cirsium vulgare,Cirsium vulgare
Cirsium wheeleri,Cirsium wheeleri
Cladothrix lanuginosa,Tidestromia lanuginosa
Claytonia lanceolata,Claytonia lanceolata
Claytonia megarhiza,Claytonia megarhiza
Claytonia perfoliata ssp. intermontana,Claytonia perfoliata ssp. intermontana
Claytonia rosea,Claytonia rosea
Claytonia rubra,Claytonia rubra
Clematis columbiana var. columbiana,Clematis columbiana var. columbiana
Clematis grosseserrata,Clematis grosseserrata
Clematis hirsutissima,Clematis hirsutissima
Clematis ligusticifolia,Clematis ligusticifolia
Clematis orientalis,Clematis orientalis
Clematis scottii,Clematis scottii
Clementsia rhodantha,Rhodiola rhodantha
Cleome lutea,Cleomella lutea 
Cleome lutea var. lutea,Cleomella lutea 
Cleome multicaulis,Cleomella multicaulis
Cleome serrulata,Cleomella serrulata 
Cleomella angustifolia,Cleomella angustifolia
Cleomella palmerana,Cleomella palmeriana
Cleomella palmeriana,Cleomella palmeriana
Clinopodium vulgare,Clinopodium vulgare
Coeloglossum viride,Dactylorhiza viridis
Coeloglossum viride ssp. bracteatum,Dactylorhiza viridis
Coleogyne ramosissima,Coleogyne ramosissima
Collinsia parviflora,Collinsia parviflora
Collomia grandiflora,Collomia grandiflora
Collomia linearis,Collomia linearis
Colutea arborescens,Colutea arborescens
Comandra umbellata,Comandra umbellata ssp. pallida
Comandra umbellata ssp. pallida,Comandra umbellata ssp. pallida
Comarum palustre,Comarum palustre
Comastoma tenellum,Comastoma tenellum
Commelina dianthifolia,Commelina dianthifolia
Commelina erecta,Commelina erecta
Commelina erecta var. angustifolia,Commelina erecta
Conimitella williamsii,Conimitella williamsii
Conioselinum scopulorum,Conioselinum scopulorum
Conium maculatum,Conium maculatum
Conopholis alpina var. mexicana,Conopholis alpina var. mexicana
Conringia orientalis,Conringia orientalis
Convolvulus arvensis,Convolvulus arvensis
Convolvulus equitans,Convolvulus equitans
Conyza canadensis,Erigeron canadensis
Conyza coulteri,Laennecia coulteri
Conyza schiedeana,Laennecia schiedeana
Corallorhiza maculata,Corallorhiza maculata
Corallorhiza striata,Corallorhiza striata
Corallorhiza trifida,Corallorhiza trifida
Corallorhiza wisteriana,Corallorhiza wisteriana
Cordylanthus kingii,Cordylanthus kingii
Cordylanthus ramosus,Cordylanthus ramosus
Cordylanthus wrightii,Cordylanthus wrightii
Coreopsis grandiflora,Coreopsis grandiflora
Coreopsis lanceolata,Coreopsis lanceolata
Coreopsis tinctoria,Coreopsis tinctoria
Coriflora hirsutissima,Clematis hirsutissima
Coriflora scottii,Clematis scottii
Corispermum americanum,Corispermum americanum
Corispermum hyssopifolium,Corispermum hyssopifolium
Corispermum navicula,Corispermum navicula
Corispermum villosum,Corispermum villosum
Cornus canadensis,Cornus canadensis
Cornus sericea ssp. sericea,Cornus sericea ssp. sericea
Corydalis aurea,Corydalis aurea
Corydalis aurea ssp. aurea,Corydalis aurea ssp. aurea
Corydalis aurea ssp. occidentalis,Corydalis aurea ssp. occidentalis
Corydalis caseana ssp. brandegeei,Corydalis caseana ssp. brandegeei
Corydalis caseana ssp. brandegei,Corydalis caseana ssp. brandegeei
Corydalis curvisiliqua ssp. occidentalis,Corydalis aurea ssp. occidentalis
Corylus cornuta,Corylus cornuta var. cornuta
Corylus cornuta var. cornuta,Corylus cornuta var. cornuta
Coryphantha missouriensis,Escobaria missouriensis
Coryphantha vivipara,Escobaria vivipara
Coryphantha vivipara var. vivipara,Escobaria vivipara
Cosmos bipinnatus,Cosmos bipinnatus
Cosmos parviflorus,Cosmos parviflorus
Cotoneaster lucidus,Cotoneaster lucidus
Crassula aquatica,Crassula aquatica
Crataegus chrysocarpa,Crataegus chrysocarpa
Crataegus erythropoda,Crataegus erythropoda
Crataegus macracantha var. occidentalis,Crataegus succulenta
Crataegus monogyna,Crataegus monogyna
Crataegus rivularis,Crataegus rivularis
Crataegus saligna,Crataegus saligna
Crataegus succulenta,Crataegus succulenta
Crepis acuminata,Crepis acuminata
Crepis atribarba,Crepis atribarba
Crepis capillaris,Crepis capillaris
Crepis intermedia,Crepis intermedia
Crepis modocensis ssp. modocensis,Crepis modocensis ssp. modocensis
Crepis nana,Askellia pygmaea
Crepis occidentalis,Crepis occidentalis
Crepis occidentalis ssp. conjuncta,Crepis occidentalis ssp. conjuncta
Crepis occidentalis ssp. costata,Crepis occidentalis ssp. costata
Crepis occidentalis ssp. occidentalis,Crepis occidentalis ssp. occidentalis
Crepis runcinata,Crepis runcinata
Crepis runcinata ssp. glauca,Crepis runcinata ssp. glauca
Crepis runcinata ssp. hispidulosa,Crepis runcinata ssp. hispidulosa
Crepis runcinata ssp. runcinata,Crepis runcinata ssp. runcinata
Critesion brachyantherum,Hordeum brachyantherum
Critesion glaucum,Hordeum murinum
Critesion jubatum,Hordeum jubatum
Critesion murinum,Hordeum murinum
Critesion pusillum,Hordeum pusillum
Crocanthemum bicknellii,Crocanthemum bicknellii
Croton texensis,Croton texensis
Crunocallis chamissoi,Montia chamissoi
Crypsis alopecuroides,Sporobolus alopecuroides
Cryptantha affinis,Cryptantha affinis
Cryptantha ambigua,Cryptantha ambigua
Cryptantha circumscissa,Greeneocharis circumscissa
Cryptantha crassisepala,Cryptantha crassisepala
Cryptantha crassisepala var. elachantha,Cryptantha crassisepala var. elachantha
Cryptantha fendleri,Cryptantha fendleri
Cryptantha gracilis,Cryptantha gracilis
Cryptantha kelseyana,Cryptantha kelseyana
Cryptantha minima,Cryptantha minima
Cryptantha pterocarya,Cryptantha pterocarya
Cryptantha pterocarya var. cycloptera,Cryptantha pterocarya var. cycloptera
Cryptantha pterocarya var. pterocarya,Cryptantha pterocarya var. pterocarya
Cryptantha recurvata,Cryptantha recurvata
Cryptantha scoparia,Cryptantha scoparia
Cryptantha watsonii,Cryptantha watsonii
Cryptogramma acrostichoides,Cryptogramma acrostichoides
Cryptogramma stelleri,Cryptogramma stelleri
Cucurbita foetidissima,Cucurbita foetidissima
Cuscuta approximata,Cuscuta approximata
Cuscuta cuspidata,Cuscuta cuspidata
Cuscuta denticulata,Cuscuta denticulata
Cuscuta epithymum ssp. approximata,Cuscuta approximata
Cuscuta indecora,Cuscuta indecora
Cuscuta megalocarpa,Cuscuta umbrosa
Cuscuta occidentalis,Cuscuta occidentalis
Cuscuta pentagona,Cuscuta campestris
Cuscuta umbellata,Cuscuta umbellata
Cyclachaena xanthifolia,Cyclachaena xanthifolia
Cyclanthera dissecta,Cyclanthera dissecta
Cycloloma atriplicifolium,Cycloloma atriplicifolium
Cylactis arctica ssp. acaulis,Rubus arcticus
Cylactis pubescens,Rubus pubescens
Cylindropuntia imbricata,Cylindropuntia imbricata var. imbricata
Cylindropuntia imbricata var. imbricata,Cylindropuntia imbricata var. imbricata
Cylindropuntia whipplei,Cylindropuntia whipplei
Cylindropyrum cylindricum,Aegilops cylindrica
Cymbalaria muralis,Cymbalaria muralis
Cymopterus acaulis,Cymopterus glomeratus var. glomeratus 
Cymopterus alpinus,Oreoxis alpina
Cymopterus anisatus,Aletes anisatus
Cymopterus bakeri,Oreoxis bakeri
Cymopterus bulbosus,Vesper bulbosus 
Cymopterus constancei,Vesper constancei 
Cymopterus duchesnensis,Aulospermum duchesnense
Cymopterus fendleri,Cymopterus glomeratus var. fendleri 
Cymopterus humilis,Oreoxis humilis
Cymopterus lemmonii,Pseudocymopterus montanus
Cymopterus longilobus,Pteryxia hendersonii
Cymopterus montanus,Vesper montanus
Cymopterus petraeus,Pteryxia petraea
Cymopterus planosus,Lomatium planosum
Cymopterus purpureus,Cymopterus purpureus
Cymopterus sessiliflorus,Aletes sessiliflorus
Cymopterus terebinthinus var. calcareus,Pteryxia terebinthina var. albiflora
Cymopterus terebinthus var. albiflorus,Pteryxia terebinthina var. albiflora
Cynodon dactylon,Cynodon dactylon var. dactylon
Cynoglossum officinale,Cynoglossum officinale
Cyperus acuminatus,Cyperus acuminatus
Cyperus aristatus,Cyperus squarrosus
Cyperus bipartitus,Cyperus bipartitus
Cyperus erythrorhizos,Cyperus erythrorhizos
Cyperus erythrorhizus,Cyperus erythrorhizos
Cyperus esculentus,Cyperus esculentus
Cyperus fendlerianus,Cyperus fendlerianus
Cyperus lupulinus,Cyperus lupulinus
Cyperus odoratus,Cyperus odoratus
Cyperus rivularis,Cyperus bipartitus
Cyperus schweinitzii,Cyperus schweinitzii
Cyperus squarrosus,Cyperus squarrosus
Cypripedium calceolus ssp. parviflorum,Cypripedium parviflorum var. pubescens
Cypripedium fasciculatum,Cypripedium fasciculatum
Cypripedium parviflorum,Cypripedium parviflorum var. pubescens
Cypripedium parviflorum var. pubescens,Cypripedium parviflorum var. pubescens
Cyrtorhyncha ranunculina,Cyrtorhyncha ranunculina
Cystopteris fragilis,Cystopteris fragilis
Cystopteris montana,Cystopteris montana
Cystopteris reevesiana,Cystopteris reevesiana
Cystopteris tenuis,Cystopteris tenuis
Cystopteris utahensis,Cystopteris utahensis
Dactylis glomerata,Dactylis glomerata
Dactyloctenium aegyptium,Dactyloctenium aegyptium
Dalea aurea,Dalea aurea
Dalea candida var. oligophylla,Dalea candida var. oligophylla
Dalea cylindriceps,Dalea cylindriceps
Dalea enneandra,Dalea enneandra
Dalea formosa,Dalea formosa
Dalea jamesii,Dalea jamesii
Dalea lanata,Dalea lanata
Dalea leporina,Dalea leporina
Dalea nana,Dalea nana var. nana
Dalea nana var. nana,Dalea nana var. nana
Dalea purpurea,Dalea purpurea
Dalea tenuifolia,Dalea tenuifolia
Dalea villosa,Dalea villosa var. villosa
Dalea villosa var. villosa,Dalea villosa var. villosa
Danthonia californica,Danthonia californica
Danthonia intermedia,Danthonia intermedia
Danthonia parryi,Danthonia parryi
Danthonia spicata,Danthonia spicata
Danthonia spicata var. pinetorum,Danthonia spicata
Danthonia unispicata,Danthonia unispicata
Dasyochloa pulchella,Munroa pulchella 
Datura quercifolia,Datura quercifolia
Datura stramonium,Datura stramonium
Datura wrightii,Datura wrightii
Daucus carota,Daucus carota
Delphinium alpestre,Delphinium alpestre
Delphinium andersonii var. scaposum,Delphinium scaposum
Delphinium barbeyi,Delphinium barbeyi
Delphinium carolinianum ssp. virescens,Delphinium virescens
Delphinium geyeri,Delphinium geyeri
Delphinium glaucum,Delphinium occidentale
Delphinium nuttallianum,Delphinium nuttallianum
Delphinium occidentale,Delphinium occidentale
Delphinium ramosum,Delphinium ramosum
Delphinium robustum,Delphinium robustum
Delphinium scaposum,Delphinium scaposum
Delwiensia pattersonii,Artemisia pattersonii
Deschampsia brevifolia,Deschampsia brevifolia
Deschampsia cespitosa,Deschampsia cespitosa
Deschampsia elongata,Deschampsia elongata
Deschampsia flexuosa,Avenella flexuosa
Descurainia californica,Descurainia californica
Descurainia incana,Descurainia incana
Descurainia incisa,Descurainia incisa
Descurainia incisa ssp. filipes,Descurainia longipedicellata
Descurainia incisa ssp. incisa,Descurainia incisa ssp. incisa
Descurainia incisa ssp. paysonii,Descurainia incisa ssp. paysonii
Descurainia kenheilii,Descurainia kenheilii
Descurainia longepedicellata,Descurainia longipedicellata
Descurainia pinnata,Descurainia pinnata ssp. brachycarpa
Descurainia pinnata ssp. brachycarpa,Descurainia pinnata ssp. brachycarpa
Descurainia ramosissima,Descurainia pinnata ssp. brachycarpa
Descurainia sophia,Descurainia sophia
Desmanthus cooleyi,Desmanthus cooleyi
Desmanthus illinoensis,Desmanthus illinoensis
Desmodium obtusum,Desmodium obtusum
Desmodium rigidum,Desmodium obtusum
Dianthus armeria,Dianthus armeria
Dianthus deltoides,Dianthus deltoides ssp. deltoides
Dianthus deltoides ssp. deltoides,Dianthus deltoides ssp. deltoides
Diaperia prolifera,Diaperia prolifera
Dicentra uniflora,Dicentra uniflora
Dichanthelium acuminatum,Dichanthelium lanuginosum
Dichanthelium linearifolium,Dichanthelium linearifolium
Dichanthelium oligosanthes ssp. scribnerianum,Dichanthelium oligosanthes
Dichanthelium oligosanthes var. scribnerianum,Dichanthelium oligosanthes
Dichanthelium wilcoxianum,Dichanthelium wilcoxianum
Dicoria brandegei,Dicoria canescens
Dicoria canescens,Dicoria canescens
Dieteria bigelovii var. bigelovii,Dieteria bigelovii var. bigelovii
Dieteria canescens,Dieteria canescens
Digitalis purpurea,Digitalis purpurea var. purpurea
Digitalis purpurea var. purpurea,Digitalis purpurea var. purpurea
Digitaria californica,Digitaria californica
Digitaria ischaemum,Digitaria ischaemum
Digitaria sanguinalis,Digitaria sanguinalis
Dimorphocarpa wislizeni,Dimorphocarpa wislizeni
Dimorphocarpa wislizenii,Dimorphocarpa wislizeni
Dinebra panicea,Dinebra panicea
Diplachne dubia,Disakisperma dubia
Diplachne fascicularis,Diplachne fusca ssp. fasciculata
Diplachne fusca ssp. fasciculata,Diplachne fusca ssp. fasciculata
Diplotaxis muralis,Diplotaxis muralis
Dipsacus fullonum,Dipsacus fullonum
Dipsacus laciniatus,Dipsacus laciniatus
Disakisperma dubia,Disakisperma dubia
Distegia involucrata,Lonicera involucrata
Distichlis stricta,Distichlis stricta
Dodecatheon pulchellum,Primula pauciflora
Dodecatheon pulchellum var. pulchellum,Primula pauciflora var. pauciflora
Dodecatheon pulchellum var. zionense,Primula pauciflora var. zionensis
Downingia laeta,Downingia laeta
Draba albertina,Draba albertina
Draba aurea,Draba aurea
Draba borealis,Draba borealis
Draba breweri var. cana,Draba cana
Draba cana,Draba cana
Draba crassa,Draba crassa
Draba crassifolia,Draba crassifolia
Draba cuneifolia,Draba cuneifolia
Draba exunguiculata,Draba exunguiculata
Draba fladnizensis,Draba fladnizensis
Draba fladnizensis var. pattersonii,Draba fladnizensis
Draba globosa,Draba globosa
Draba graminea,Draba graminea
Draba grayana,Draba grayana
Draba helleriana,Draba helleriana
Draba incerta,Draba incerta
Draba lonchocarpa,Draba lonchocarpa
Draba malpighiacea,Draba malpighiacea
Draba nemorosa,Draba nemorosa
Draba oligosperma,Draba oligosperma
Draba porsildii,Draba porsildii
Draba rectifructa,Draba rectifructa
Draba reptans,Draba reptans
Draba smithii,Draba smithii
Draba spectabilis,Draba spectabilis
Draba streptobrachia,Draba streptobrachia
Draba streptocarpa,Draba streptocarpa
Draba ventosa,Draba ventosa
Draba weberi,Draba weberi
Dracocephalum parviflorum,Dracocephalum parviflorum
Drosera anglica,Drosera anglica
Drosera rotundifolia,Drosera rotundifolia
Dryas octopetala,Dryas hookeriana
Dryas octopetala ssp. hookeriana,Dryas hookeriana
Dryas octopetala var. hookeriana,Dryas hookeriana
Drymaria depressa,Drymaria depressa
Drymaria effusa var. depressa,Drymaria depressa
Drymocallis arguta,Drymocallis arguta
Drymocallis fissa,Drymocallis fissa
Drymocallis glandulosa,Drymocallis glandulosa
Dryopteris expansa,Dryopteris expansa
Dryopteris filix-mas,Dryopteris filix-mas
Dugaldia hoopesii,Hymenoxys hoopesii
Dysphania ambrosioides,Dysphania ambrosioides
Dysphania botrys,Dysphania botrys
Dysphania graveolens,Dysphania graveolens
Dyssodia aurea,Thymophylla aurea var. aurea
Dyssodia papposa,Dyssodia papposa
Echinacea angustifolia,Echinacea angustifolia
Echinacea purpurea,Echinacea purpurea
Echinocereus fendleri,Echinocereus fendleri
Echinocereus reichenbachii,Echinocereus reichenbachii
Echinocereus reichenbachii var. perbellus,Echinocereus reichenbachii
Echinocereus triglochidiatus,Echinocereus triglochidiatus
Echinocereus viridiflorus,Echinocereus viridiflorus
Echinochloa crus-galli,Echinochloa crus-galli
Echinochloa frumentacea,Echinochloa frumentacea
Echinochloa muricata,Echinochloa muricata var. microstachya
Echinochloa muricata var. microstachya,Echinochloa muricata var. microstachya
Echinocystis lobata,Echinocystis lobata
Echinops sphaerocephalus,Echinops sphaerocephalus
Eichhornia crassipes,Eichhornia crassipes
Elaeagnus angustifolia,Elaeagnus angustifolia
Elaeagnus commutata,Elaeagnus commutata
Elatine brachysperma,Elatine brachysperma
Elatine rubella,Elatine rubella
Elatine triandra,Elatine rubella
Eleocharis acicularis,Eleocharis acicularis
Eleocharis atropurpurea,Eleocharis atropurpurea
Eleocharis bolanderi,Eleocharis bolanderi
Eleocharis coloradoensis,Eleocharis parvula
Eleocharis compressa,Eleocharis compressa
Eleocharis elliptica var. compressa,Eleocharis compressa
Eleocharis engelmannii,Eleocharis engelmannii
Eleocharis macrostachya,Eleocharis palustris
Eleocharis montevidensis,Eleocharis montevidensis
Eleocharis obtusa,Eleocharis obtusa
Eleocharis obtusa var. detonsa,Eleocharis engelmannii
Eleocharis palustris,Eleocharis palustris
Eleocharis parvula,Eleocharis parvula
Eleocharis parvula var. anachaeta,Eleocharis parvula
Eleocharis pauciflora,Eleocharis quinqueflora
Eleocharis quinqueflora,Eleocharis quinqueflora
Eleocharis rostellata,Eleocharis rostellata
Eleocharis suksdorfiana,Eleocharis suksdorfiana
Eleocharis wolfii,Eleocharis wolfii
Eleusine indica,Eleusine indica
Ellisia nyctelea,Ellisia nyctelea
Elodea bifoliata,Elodea bifoliata
Elodea canadensis,Elodea canadensis
Elodea nuttallii,Elodea nuttallii
Elymus albicans,Elymus albicans
Elymus bakeri,Elymus bakeri
Elymus canadensis,Elymus canadensis
Elymus curvatus,Elymus curvatus
Elymus elymoides,Elymus elymoides
Elymus glaucus,Elymus glaucus ssp. glaucus
Elymus glaucus ssp. glaucus,Elymus glaucus ssp. glaucus
Elymus lanceolatus,Elymus lanceolatus
Elymus multisetus,Elymus multisetus
Elymus repens,Elymus repens
Elymus scribneri,Elymus scribneri
Elymus trachycaulus,Elymus trachycaulus
Elymus violaceus,Elymus violaceus
Elymus virginicus,Elymus virginicus
Elytrigia repens,Elymus repens
Encelia nutans,Encelia nutans
Enceliopsis nudicaulis,Enceliopsis nudicaulis
Enceliopsis nutans,Encelia nutans
Engelmannia peristenia,Engelmannia peristenia
Engelmannia pinnatifida,Engelmannia peristenia
Enneapogon desvauxii,Enneapogon desvauxii
Ephedra cutleri,Ephedra viridis var. viscida
Ephedra torreyana,Ephedra torreyana
Ephedra viridis,Ephedra viridis
Ephedra viridis var. viridis,Ephedra viridis var. viridis
Ephedra viridis var. viscida,Ephedra viridis var. viscida
Epilobium anagallidifolium,Epilobium anagallidifolium
Epilobium brachycarpum,Epilobium brachycarpum
Epilobium ciliatum,Epilobium ciliatum
Epilobium ciliatum ssp. ciliatum,Epilobium ciliatum ssp. ciliatum
Epilobium ciliatum ssp. glandulosum,Epilobium glandulosum
Epilobium clavatum,Epilobium clavatum
Epilobium halleanum,Epilobium halleanum
Epilobium hirsutum,Epilobium hirsutum
Epilobium hornemannii,Epilobium hornemannii
Epilobium lactiflorum,Epilobium lactiflorum
Epilobium leptocarpum,Epilobium leptocarpum
Epilobium leptophyllum,Epilobium leptophyllum
Epilobium oregonense,Epilobium oregonense
Epilobium palustre,Epilobium palustre
Epilobium palustre var. gracile,Epilobium leptophyllum
Epilobium palustre var. grammadophyllum,Epilobium palustre
Epilobium palustre var. palustre,Epilobium palustre var. palustre
Epilobium saximontanum,Epilobium saximontanum
Epipactis gigantea,Epipactis gigantea
Epipactis helleborine,Epipactis helleborine
Equisetum arvense,Equisetum arvense
Equisetum hyemale ssp. affine,Equisetum hyemale ssp. affine
Equisetum laevigatum,Equisetum laevigatum
Equisetum variegatum ssp. variegatum,Equisetum variegatum ssp. variegatum
Eragrostis barrelieri,Eragrostis barrelieri
Eragrostis cilianensis,Eragrostis cilianensis
Eragrostis curtipedicellata,Eragrostis curtipedicellata
Eragrostis curvula,Eragrostis curvula
Eragrostis hypnoides,Eragrostis hypnoides
Eragrostis lutescens,Eragrostis lutescens
Eragrostis mexicana ssp. virescens,Eragrostis mexicana ssp. virescens
Eragrostis minor,Eragrostis minor
Eragrostis pectinacea,Eragrostis pectinacea
Eragrostis pilosa,Eragrostis pilosa
Eragrostis secundiflora ssp. oxylepis,Eragrostis secundiflora ssp. oxylepis
Eragrostis spectabilis,Eragrostis spectabilis
Eragrostis trichodes,Eragrostis trichodes
Eremogone congesta,Eremogone congesta
Eremogone congesta var. congesta,Eremogone congesta var. congesta
Eremogone congesta var. lithophila,Eremogone congesta var. lithophila
Eremogone eastwoodiae,Eremogone eastwoodiae
Eremogone eastwoodiae var. adenophora,Eremogone eastwoodiae var. adenophora
Eremogone eastwoodiae var. eastwoodiae,Eremogone eastwoodiae var. eastwoodiae
Eremogone fendleri,Eremogone fendleri
Eremogone hookeri,Eremogone hookeri
Eremogone hookeri var. hookeri,Eremogone hookeri var. hookeri
Eremogone hookeri var. pinetorum,Eremogone hookeri var. pinetorum
Eremogone kingii ssp. uintahensis,Eremogone eastwoodiae
Eremopyrum triticeum,Eremopyrum triticeum
Eremothera minor,Eremothera minor
Eriastrum diffusum,Eriastrum diffusum
Ericameria discoidea var. discoidea,Ericameria discoidea var. discoidea
Ericameria nauseosa,Ericameria nauseosa
Ericameria nauseosa var. ammophila,Ericameria nauseosa ssp. ammophila
Ericameria nauseosa var. bigelovii,Ericameria nauseosa var. bigelovii
Ericameria nauseosa var. graveolens,Ericameria nauseosa var. graveolens
Ericameria nauseosa var. juncea,Ericameria nauseosa var. juncea
Ericameria nauseosa var. leiosperma,Ericameria nauseosa var. leiosperma
Ericameria nauseosa var. nauseosa,Ericameria nauseosa var. nauseosa
Ericameria nauseosa var. oreophila,Ericameria nauseosa var. oreophila
Ericameria nauseosa var. speciosa,Ericameria nauseosa var. speciosa
Ericameria parryi,Ericameria parryi
Ericameria parryi var. attenuata,Ericameria parryi var. attenuata
Ericameria parryi var. howardii,Ericameria parryi var. howardii
Ericameria parryi var. parryi,Ericameria parryi var. parryi
Erigeron abajoensis,Erigeron abajoensis
Erigeron acris,Erigeron acris
Erigeron aphanactis,Erigeron aphanactis
Erigeron argentatus,Erigeron argentatus
Erigeron bellidiastrum,Erigeron bellidiastrum
Erigeron caespitosus,Erigeron caespitosus
Erigeron canus,Erigeron canus
Erigeron colo-mexicanus,Erigeron tracyi
Erigeron compactus,Erigeron consimilis
Erigeron compositus,Erigeron compositus
Erigeron concinnus,Erigeron concinnus
Erigeron consimilis,Erigeron consimilis
Erigeron coulteri,Erigeron coulteri
Erigeron divergens,Erigeron divergens
Erigeron eatonii,Erigeron eatonii var. eatonii
Erigeron eatonii var. eatonii,Erigeron eatonii var. eatonii
Erigeron elatior,Erigeron elatior
Erigeron engelmannii,Erigeron engelmannii
Erigeron eximius,Erigeron eximius
Erigeron flagellaris,Erigeron flagellaris
Erigeron formosissimus,Erigeron formosissimus
Erigeron glabellus,Erigeron glabellus
Erigeron glabellus ssp. pubescens,Erigeron glabellus
Erigeron glacialis,Erigeron glacialis
Erigeron grandiflorus,Erigeron grandiflorus
Erigeron humilis,Erigeron humilis
Erigeron kachinensis,Erigeron kachinensis
Erigeron lanatus,Erigeron lanatus
Erigeron leiomerus,Erigeron leiomerus
Erigeron lonchophyllus,Erigeron lonchophyllus
Erigeron mancus,Erigeron mancus
Erigeron melanocephalus,Erigeron melanocephalus
Erigeron nematophyllus,Erigeron nematophyllus
Erigeron ochroleucus var. scribneri,Erigeron radicatus
Erigeron peregrinus ssp. callianthemus,Erigeron glacialis
Erigeron philadelphicus,Erigeron philadelphicus var. philadelphicus
Erigeron philadelphicus var. philadelphicus,Erigeron philadelphicus var. philadelphicus
Erigeron pinnatisectus,Erigeron pinnatisectus
Erigeron pulcherrimus,Erigeron pulcherrimus
Erigeron pumilus,Erigeron pumilus
Erigeron radicatus,Erigeron radicatus
Erigeron sparsifolius,Erigeron sparsifolius
Erigeron speciosus,Erigeron speciosus
Erigeron strigosus var. strigosus,Erigeron strigosus var. strigosus
Erigeron subtrinervis,Erigeron subtrinervis
Erigeron tracyi,Erigeron tracyi
Erigeron uintahensis,Erigeron uintahensis
Erigeron ursinus,Erigeron ursinus
Erigeron utahensis,Erigeron utahensis
Erigeron utahensis var. sparsifolius,Erigeron sparsifolius
Erigeron vagus,Erigeron vagus
Erigeron vetensis,Erigeron vetensis
Erigeron vreelandii,Erigeron vreelandii
Erigeron wilkenii,Erigeron wilkenii
Eriochloa contracta,Eriochloa contracta
Eriogonum acaule,Eriogonum acaule
Eriogonum alatum,Eriogonum alatum
Eriogonum annuum,Eriogonum annuum
Eriogonum arcuatum,Eriogonum arcuatum
Eriogonum arcuatum var. arcuatum,Eriogonum arcuatum var. arcuatum
Eriogonum arcuatum var. xanthum,Eriogonum arcuatum var. xanthum
Eriogonum batemanii,Eriogonum batemanii
Eriogonum bicolor,Eriogonum bicolor
Eriogonum brandegeei,Eriogonum brandegeei
Eriogonum brandegei,Eriogonum brandegeei
Eriogonum brevicaule,Eriogonum brevicaule var. brevicaule
Eriogonum brevicaule var. brevicaule,Eriogonum brevicaule var. brevicaule
Eriogonum cernuum,Eriogonum cernuum
Eriogonum clavellatum,Eriogonum clavellatum
Eriogonum coloradense,Eriogonum coloradense
Eriogonum contortum,Eriogonum contortum
Eriogonum corymbosum,Eriogonum corymbosum
Eriogonum corymbosum var. corymbosum,Eriogonum corymbosum var. corymbosum
Eriogonum corymbosum var. orbiculatum,Eriogonum corymbosum var. orbiculatum
Eriogonum corymbosum var. velutinum,Eriogonum corymbosum var. velutinum
Eriogonum divaricatum,Eriogonum divaricatum
Eriogonum effusum,Eriogonum effusum
Eriogonum ephedroides,Eriogonum ephedroides
Eriogonum exilifolium,Eriogonum exilifolium
Eriogonum flavum,Eriogonum flavum var. flavum
Eriogonum flavum var. flavum,Eriogonum flavum var. flavum
Eriogonum fusiforme,Eriogonum fusiforme
Eriogonum gordonii,Eriogonum gordonii
Eriogonum heracleoides,Eriogonum heracleoides var. heracleoides
Eriogonum heracleoides var. heracleoides,Eriogonum heracleoides var. heracleoides
Eriogonum hookeri,Eriogonum hookeri
Eriogonum inflatum,Eriogonum inflatum
Eriogonum inflatum var. fusiforme,Eriogonum fusiforme
Eriogonum jamesii,Eriogonum arcuatum
Eriogonum jamesii var. jamesii,Eriogonum jamesii var. jamesii
Eriogonum lachnogynum,Eriogonum lachnogynum var. lachnogynum
Eriogonum lachnogynum var. lachnogynum,Eriogonum lachnogynum var. lachnogynum
Eriogonum leptocladon,Eriogonum leptocladon
Eriogonum leptocladon var. leptocladon,Eriogonum leptocladon var. leptocladon
Eriogonum leptocladon var. ramosissimum,Eriogonum leptocladon var. ramosissimum
Eriogonum leptophyllum,Eriogonum leptophyllum
Eriogonum lonchophyllum,Eriogonum lonchophyllum
Eriogonum microthecum,Eriogonum microthecum
Eriogonum microthecum var. laxiflorum,Eriogonum microthecum var. laxiflorum
Eriogonum microthecum var. simpsonii,Eriogonum microthecum var. simpsonii
Eriogonum ovalifolium,Eriogonum ovalifolium
Eriogonum ovalifolium var. ovalifolium,Eriogonum ovalifolium var. ovalifolium
Eriogonum ovalifolium var. purpureum,Eriogonum ovalifolium var. purpureum
Eriogonum palmerianum,Eriogonum palmerianum
Eriogonum pauciflorum,Eriogonum pauciflorum
Eriogonum pauciflorum var. gnaphalodes,Eriogonum pauciflorum
Eriogonum pelinophilum,Eriogonum pelinophilum
Eriogonum racemosum,Eriogonum racemosum
Eriogonum saurinum,Eriogonum saurinum
Eriogonum scabrellum,Eriogonum scabrellum
Eriogonum shockleyi,Eriogonum shockleyi
Eriogonum shockleyi var. longilobum,Eriogonum shockleyi
Eriogonum subalpinum,Eriogonum umbellatum var. majus
Eriogonum tenellum,Eriogonum tenellum var. tenellum
Eriogonum tenellum var. tenellum,Eriogonum tenellum var. tenellum
Eriogonum tumulosum,Eriogonum tumulosum
Eriogonum umbellatum,Eriogonum umbellatum
Eriogonum umbellatum ssp. subaridum,Eriogonum umbellatum var. subaridum
Eriogonum umbellatum var. aureum,Eriogonum umbellatum var. aureum
Eriogonum umbellatum var. majus,Eriogonum umbellatum var. majus
Eriogonum umbellatum var. porteri,Eriogonum umbellatum var. porteri
Eriogonum umbellatum var. ramulosum,Eriogonum umbellatum var. ramulosum
Eriogonum umbellatum var. subaridum,Eriogonum umbellatum var. subaridum
Eriogonum umbellatum var. umbellatum,Eriogonum umbellatum var. umbellatum
Eriogonum wetherillii,Eriogonum wetherillii
Erioneuron pilosum,Erioneuron pilosum
Eriophorum angustifolium,Eriophorum angustifolium
Eriophorum chamissonis,Eriophorum chamissonis
Eriophorum gracile,Eriophorum gracile
Eriophorum scheuchzeri,Eriophorum scheuchzeri
Eritrichium nanum var. elongatum,Eritrichium argenteum
Eritrichum aretioides,Eritrichium argenteum
Erocallis triphylla,Lewisia triphylla
Erodium cicutarium,Erodium cicutarium
Eryngium planum,Eryngium planum
Erysimum asperum,Erysimum asperum
Erysimum capitatum,Erysimum capitatum
Erysimum cheiranthoides,Erysimum cheiranthoides
Erysimum cheiranthoides ssp. altum,Erysimum cheiranthoides
Erysimum inconspicuum,Erysimum inconspicuum
Erysimum repandum,Erysimum repandum
Erythrocoma triflora,Geum triflorum
Erythrocoma triflorum,Geum triflorum
Erythronium grandiflorum,Erythronium grandiflorum ssp. grandiflorum
Erythronium grandiflorum ssp. grandiflorum,Erythronium grandiflorum ssp. grandiflorum
Eschscholzia californica,Eschscholzia californica ssp. californica
Eschscholzia californica ssp. californica,Eschscholzia californica ssp. californica
Eucephalus elegans,Eucephalus elegans
Eucephalus engelmannii,Eucephalus engelmannii
Eucephalus glaucus,Herrickia glauca var. glauca
Euclidium syriacum,Euclidium syriacum
Eupatorium maculatum ssp. bruneri,Eutrochium maculatum
Euphorbia brachycera,Euphorbia brachycera
Euphorbia cyparissias,Euphorbia cyparissias
Euphorbia dentata,Euphorbia davidii
Euphorbia esula,Euphorbia virgata
Euphorbia exstipulata,Euphorbia exstipulata
Euphorbia hexagona,Euphorbia hexagona
Euphorbia incisa,Euphorbia schizoloba
Euphorbia marginata,Euphorbia marginata
Euphorbia myrsinites,Euphorbia myrsinites
Euphorbia peplus,Euphorbia peplus
Euphorbia spathulata,Euphorbia spathulata
Euploca convolvulacea,Euploca convolvulacea
Euploca convolvulacea ssp. convolvulacea,Euploca convolvulacea
Eustoma grandiflorum,Eustoma russellianum
Eustoma russellianum,Eustoma russellianum
Euthamia graminifolia,Euthamia graminifolia
Euthamia gymnospermoides,Euthamia gymnospermoides
Euthamia occidentalis,Euthamia occidentalis
Eutrema edwardsii,Eutrema penlandii
Eutrema edwardsii ssp. penlandii,Eutrema penlandii
Eutrema penlandii,Eutrema penlandii
Eutrema salsugineum,Eutrema salsugineum
Eutrochium maculatum,Eutrochium maculatum
Evax prolifera,Diaperia prolifera
Evolvulus nuttallianus,Evolvulus nuttallianus
Fagopyrum esculentum,Fagopyrum esculentum
Fallopia aubertii,Fallopia baldschuanica
Fallopia baldschuanica,Fallopia baldschuanica
Fallopia convolvulus,Fallopia convolvulus
Fallopia japonica,Fallopia japonica var. japonica
Fallopia japonica var. japonica,Fallopia japonica var. japonica
Fallopia scandens,Fallopia scandens
Fallugia paradoxa,Fallugia paradoxa
Fendlera falcata,Fendlera rupicola
Fendlera rupicola,Fendlera rupicola
Fendlerella utahensis,Fendlerella utahensis
Festuca arizonica,Festuca arizonica
Festuca arundinacea,Lolium arundinaceum
Festuca baffinensis,Festuca baffinensis
Festuca brachyphylla,Festuca brachyphylla ssp. coloradensis
Festuca brachyphylla ssp. coloradensis,Festuca brachyphylla ssp. coloradensis
Festuca calligera,Festuca calligera
Festuca campestris,Festuca campestris
Festuca dasyclada,Festuca dasyclada
Festuca earlei,Festuca earlei
Festuca hallii,Festuca hallii
Festuca idahoensis,Festuca idahoensis
Festuca minutiflora,Festuca minutiflora
Festuca pratensis,Lolium pratense
Festuca rubra,Festuca rubra ssp. rubra
Festuca rubra ssp. rubra,Festuca rubra ssp. rubra
Festuca saximontana,Festuca saximontana var. saximontana
Festuca saximontana var. saximontana,Festuca saximontana var. saximontana
Festuca sororia,Festuca sororia
Festuca subulata,Festuca subulata
Festuca thurberi,Festuca thurberi
Festuca trachyphylla,Festuca trachyphylla
Filipendula ulmaria ssp. denudata,Filipendula ulmaria var. denudata
Filipendula ulmaria var. denudata,Filipendula ulmaria var. denudata
Fimbristylis puberula,Fimbristylis puberula var. interior
Fimbristylis puberula var. interior,Fimbristylis puberula var. interior
Flaveria campestris,Flaveria campestris
Floerkea proserpinacoides,Floerkea proserpinacoides
Forestiera pubescens,Forestiera pubescens
Forsellesia meionandra,Glossopetalon spinescens var. meionandrum
Forsellesia planitierum,Glossopetalon spinescens var. planitierum
Fragaria vesca,Fragaria vesca
Fragaria vesca ssp. bracteata,Fragaria vesca
Fragaria virginiana,Fragaria virginiana
Fragaria virginiana ssp. glauca,Fragaria virginiana
Frangula alnus,Frangula alnus
Frankenia jamesii,Frankenia jamesii
Frasera albomarginata,Frasera albomarginata
Frasera coloradensis,Frasera coloradensis
Frasera paniculata,Frasera paniculata
Frasera speciosa,Frasera speciosa
Fraxinus americana,Fraxinus americana
Fraxinus anomala,Fraxinus anomala
Fraxinus pennsylvanica,Fraxinus pennsylvanica
Fraxinus pennsylvanica var. lanceolata,Fraxinus pennsylvanica
Fritillaria atropurpurea,Fritillaria atropurpurea
Fritillaria pudica,Fritillaria pudica
Froelichia floridana,Froelichia floridana
Froelichia floridana var. campestris,Froelichia floridana
Froelichia gracilis,Froelichia gracilis
Fumaria vaillantii,Fumaria vaillantii
Funastrum crispum,Funastrum crispum
Gaillardia aristata,Gaillardia aristata
Gaillardia pinnatifida,Gaillardia pinnatifida
Gaillardia pulchella,Gaillardia pulchella
Gaillardia spathulata,Gaillardia spathulata
Galega officinalis,Galega officinalis
Galeopsis bifida,Galeopsis bifida
Galeopsis ladanum,Galeopsis ladanum
Galinsoga parviflora,Galinsoga parviflora var. parviflora
Galinsoga parviflora var. parviflora,Galinsoga parviflora var. parviflora
Galinsoga quadriradiata,Galinsoga quadriradiata
Galium aparine,Galium aparine
Galium bifolium,Galium bifolium
Galium boreale,Galium boreale
Galium coloradoënse,Galium coloradoense
Galium mexicanum ssp. asperrimum,Galium mexicanum ssp. asperrimum
Galium multiflorum,Galium multiflorum
Galium multiflorum var. coloradoense,Galium coloradoense
Galium multiflorum var. multiflorum,Galium multiflorum
Galium odoratum,Galium odoratum
Galium septentrionale,Galium boreale
Galium trifidum ssp. subbiflorum,Galium trifidum ssp. subbiflorum
Galium triflorum,Galium triflorum
Galium verum,Galium verum
Gastrolychnis apetala ssp. uralensis,Silene uralensis ssp. uralensis
Gastrolychnis drummondii,Silene drummondii
Gastrolychnis hitchguirei,Silene hitchguirei
Gastrolychnis kingii,Silene kingii
Gastrolychnis uralensis,Silene uralensis ssp. uralensis
Gaultheria humifusa,Gaultheria humifusa
Gaura coccinea,Oenothera suffrutescens
Gaura mollis,Oenothera curtiflora
Gaura neomexicana,Oenothera dodgeniana
Gaura neomexicana ssp. coloradensis,Oenothera coloradensis
Gaura villosa,Oenothera cinerea
Gayophytum decipiens,Gayophytum decipiens
Gayophytum diffusum ssp. parviflorum,Gayophytum diffusum ssp. parviflorum
Gayophytum racemosum,Gayophytum racemosum
Gayophytum ramosissimum,Gayophytum ramosissimum
Gentiana affinis,Gentiana affinis
Gentiana algida,Gentiana algida
Gentiana andrewsii,Gentiana andrewsii
Gentiana bigelovii,Gentiana bigelovii
Gentiana fremontii,Gentiana fremontii
Gentiana parryi,Gentiana parryi
Gentiana prostrata,Gentiana prostrata
Gentianella acuta,Gentianella acuta
Gentianella heterosepala,Gentianella heterosepala
Gentianella tenella ssp. tenella,Comastoma tenellum
Gentianella tortuosa,Gentianella tortuosa
Gentianodes algida,Gentiana algida
Gentianopsis barbellata,Gentianopsis barbellata
Gentianopsis detonsa var. elegans,Gentianopsis thermalis
Gentianopsis macounii,Gentianopsis virgata
Gentianopsis procera,Gentianopsis virgata
Gentianopsis thermalis,Gentianopsis thermalis
Geranium bicknellii,Geranium bicknellii
Geranium bicknellii var. longipes,Geranium bicknellii
Geranium caespitosum,Geranium caespitosum
Geranium carolinianum,Geranium carolinianum
Geranium pusillum,Geranium pusillum
Geranium richardsonii,Geranium richardsonii
Geranium viscosissimum ssp. nervosum,Geranium viscosissimum var. incisum
Geranium viscosissimum var. incisum,Geranium viscosissimum var. incisum
Geum aleppicum,Geum aleppicum
Geum aleppicum ssp. strictum,Geum aleppicum
Geum macrophyllum var. perincisum,Geum macrophyllum var. perincisum
Geum rivale,Geum rivale
Geum rossii var. turbinatum,Geum rossii var. turbinatum
Geum triflorum,Geum triflorum
Gilia clokeyi,Gilia clokeyi
Gilia haydenii,Aliciella haydenii
Gilia leptomeria,Aliciella leptomeria
Gilia micromeria,Aliciella micromeria
Gilia ophthalmoides,Gilia ophthalmoides
Gilia penstemonoides,Aliciella penstemonoides
Gilia pinnatifida,Aliciella pinnatifida
Gilia sedifolia,Aliciella sedifolia
Gilia sinistra,Navarretia sinistra
Gilia sinuata,Gilia sinuata
Gilia stenothrysa,Aliciella stenothyrsa
Gilia tenerrima,Lathrocasis tenerrima
Gilia triodon,Aliciella triodon
Gilia tweedyi,Gilia tweedyi
Giliastrum acerosum,Giliastrum acerosum
Giliastrum rigidulum ssp. acerosum,Giliastrum acerosum
Glandularia bipinnatifida,Glandularia bipinnatifida
Glaucium corniculatum,Glaucium corniculatum
Glaucium flavum,Glaucium flavum
Glaux maritima,Lysimachia maritima
Glaux maritima var. angustifolia,Lysimachia maritima
Glechoma hederacea,Glechoma hederacea
Glecoma hederacea,Glechoma hederacea
Gleditsia triacanthos,Gleditsia triacanthos
Glossopetalon spinescens var. meionandra,Glossopetalon spinescens var. meionandrum
Glossopetalon spinescens var. planitierum,Glossopetalon spinescens var. planitierum
Glyceria borealis,Glyceria borealis
Glyceria elata,Glyceria elata
Glyceria grandis,Glyceria grandis
Glyceria striata,Glyceria striata
Glycyrrhiza lepidota,Glycyrrhiza lepidota
Gnaphalium exilifolium,Gnaphalium exilifolium
Gnaphalium palustre,Gnaphalium palustre
Gnaphalium uliginosum,Gnaphalium uliginosum
Goodyera oblongifolia,Goodyera oblongifolia
Goodyera repens,Goodyera repens
Grammica campestris,Cuscuta campestris
Grammica cuspidata,Cuscuta cuspidata
Grammica denticulata,Cuscuta denticulata
Grammica indecora,Cuscuta indecora
Grammica occidentalis,Cuscuta occidentalis
Grammica umbellata,Cuscuta umbellata
Gratiola neglecta,Gratiola neglecta
Grayia spinosa,Grayia spinosa
Greeneocharis circumscissa,Greeneocharis circumscissa
Grindelia aphanactis,Grindelia nuda var. aphanactis
Grindelia arizonica,Grindelia arizonica
Grindelia arizonica var. stenophylla,Grindelia arizonica
Grindelia decumbens,Grindelia hirsutula
Grindelia decumbens var. decumbens,Grindelia hirsutula var. decumbens 
Grindelia fastigiata,Grindelia fastigiata
Grindelia hirsutula,Grindelia hirsutula
Grindelia hirsutula var. acutifolia,Grindelia hirsutula var. acutifolia 
Grindelia hirsutula var. decumbens,Grindelia hirsutula var. decumbens 
Grindelia hirsutula var. revoluta,Grindelia hirsutula var. revoluta 
Grindelia inornata,Grindelia inornata
Grindelia nuda,Grindelia nuda
Grindelia nuda var. aphanactis,Grindelia nuda var. aphanactis
Grindelia nuda var. nuda,Grindelia nuda var. nuda
Grindelia revoluta,Grindelia hirsutula var. revoluta 
Grindelia squarrosa,Grindelia squarrosa
Grindelia squarrosa var. nuda,Grindelia nuda var. nuda
Grindelia squarrosa var. quasiperennis,Grindelia squarrosa var. quasiperennis
Grindelia squarrosa var. serrulata,Grindelia squarrosa var. serrulata
Grindelia squarrosa var. squarrosa,Grindelia squarrosa var. squarrosa
Grindelia subalpina,Grindelia subalpina
Grossheimia macrocephala,Centaurea macrocephala
Guilleminea densa,Guilleminea densa
Gutierrezia elegans,Gutierrezia elegans
Gutierrezia microcephala,Gutierrezia microcephala
Gutierrezia sarothrae,Gutierrezia sarothrae
Gymnocarpium dryopteris,Gymnocarpium dryopteris
Gymnosteris parvula,Gymnosteris parvula
Gypsophila elegans,Gypsophila elegans
Gypsophila paniculata,Gypsophila paniculata
Gypsophila scorzonerifolia,Gypsophila scorzonerifolia
Hackelia besseyi,Hackelia besseyi
Hackelia floribunda,Hackelia floribunda
Hackelia gracilenta,Hackelia gracilenta
Hackelia micrantha,Hackelia micrantha
Halerpestes cymbalaria ssp. saximontana,Halerpestes cymbalaria
Halimolobos virgata,Crucihimalaya virgata
Halogeton glomeratus,Halogeton glomeratus
Harbouria trachypleura,Harbouria trachypleura
Hecatonia scelerata,Ranunculus sceleratus var. multifidus
Hedeoma drummondii,Hedeoma drummondii
Hedeoma hispida,Hedeoma hispida
Hedeoma hispidum,Hedeoma hispida
Hedyotis nigricans,Stenaria nigricans
Hedysarum boreale,Hedysarum boreale
Hedysarum occidentale,Hedysarum occidentale
Helenium autumnale,Helenium autumnale
Helenium autumnale var. montanum,Helenium autumnale
Helenium microcephalum,Helenium microcephalum var. microcephalum
Helenium microcephalum var. microcephalum,Helenium microcephalum var. microcephalum
Helianthella microcephala,Helianthella microcephala
Helianthella parryi,Helianthella parryi
Helianthella quinquenervis,Helianthella quinquenervis
Helianthella uniflora,Helianthella uniflora
Helianthemum bicknellii,Crocanthemum bicknellii
Helianthus annuus,Helianthus annuus
Helianthus ciliaris,Helianthus ciliaris
Helianthus maximiliani,Helianthus maximiliani
Helianthus maximilianii,Helianthus maximiliani
Helianthus nuttallii,Helianthus nuttallii
Helianthus pauciflorus ssp. subrhomboidus,Helianthus pauciflorus ssp. subrhomboideus
Helianthus petiolaris,Helianthus petiolaris
Helianthus petiolaris ssp. fallax,Helianthus petiolaris ssp. fallax
Helianthus petiolaris ssp. petiolaris,Helianthus petiolaris ssp. petiolaris
Helianthus pumilus,Helianthus pumilus
Helianthus rigidus ssp. subrhomboideus,Helianthus pauciflorus ssp. subrhomboideus
Helianthus tuberosus,Helianthus tuberosus
Helictotrichon mortonianum,Helictotrichon mortonianum
Heliomeris multiflora,Heliomeris multiflora
Heliomeris multiflora var. multiflora,Heliomeris multiflora var. multiflora
Heliomeris multiflora var. nevadensis,Heliomeris multiflora var. nevadensis
Heliopsis helianthoides var. scabra,Heliopsis helianthoides var. scabra
Heliotropium curassavicum,Heliotropium curassavicum
Heliotropium curassavicum ssp. oculatum,Heliotropium curassavicum var. oculatum
Heliotropium curassavicum var. obovatum,Heliotropium curassavicum var. obovatum
Heliotropium curassavicum var. oculatum,Heliotropium curassavicum var. oculatum
Hemerocallis fulva,Hemerocallis fulva
Hemicarpha micrantha var. aristulata,Lipocarpha aristulata
Heracleum maximum,Heracleum maximum
Heracleum sphondylium,Heracleum maximum
Heracleum sphondylium ssp. montanum,Heracleum maximum
Herniaria glabra,Herniaria glabra
Herrickia glauca var. glauca,Herrickia glauca var. glauca
Herrickia horrida,Herrickia horrida
Hesperidanthus linearifolius,Hesperidanthus linearifolius
Hesperis matronalis,Hesperis matronalis
Hesperochiron pumilus,Hesperochiron pumilus
Hesperostipa comata,Hesperostipa comata
Hesperostipa neomexicana,Hesperostipa neomexicana
Hesperostipa spartea,Hesperostipa spartea
Heteranthera dubia,Heteranthera dubia
Heteranthera limosa,Heteranthera limosa
Heterocodon rariflorum,Heterocodon rariflorum
Heterocodon rariflorus,Heterocodon rariflorum
Heterosperma pinnatum,Heterosperma pinnatum
Heterospermum pinnatum,Heterosperma pinnatum
Heterotheca canescens,Heterotheca canescens
Heterotheca foliosa,Heterotheca foliosa
Heterotheca fulcrata,Heterotheca foliosa
Heterotheca latifolia,Heterotheca subaxillaris var. latifolia
Heterotheca pumila,Heterotheca pumila
Heterotheca stenophylla,Heterotheca stenophylla
Heterotheca subaxillaris ssp. latifolia,Heterotheca subaxillaris var. latifolia
Heterotheca villosa,Heterotheca villosa
Heterotheca villosa var. angustifolia,Heterotheca villosa var. angustifolia 
Heterotheca villosa var. hispida,Heterotheca villosa var. minor
Heterotheca villosa var. minor,Heterotheca villosa var. minor
Heterotheca villosa var. nana,Heterotheca villosa var. nana
Heterotheca villosa var. pedunculata,Heterotheca villosa var. pedunculata
Heterotheca villosa var. scabra,Heterotheca villosa var. scabra
Heterotheca villosa var. villosa,Heterotheca villosa var. villosa
Heterotheca zionensis,Heterotheca zionensis
Heuchera bracteata,Heuchera bracteata
Heuchera hallii,Heuchera hallii
Heuchera parvifolia,Heuchera parvifolia
Heuchera richardsonii,Heuchera richardsonii
Heuchera rubescens,Heuchera rubescens
Hibiscus trionum,Hibiscus trionum
Hieracium albiflorum,Hieracium albiflorum
Hieracium aurantiacum,Hieracium aurantiacum
Hieracium fendleri,Hieracium fendleri
Hieracium triste,Hieracium triste
Hierochloë hirta ssp. arctica,Anthoxanthum nitens 
Hilaria jamesii,Hilaria jamesii
Hippochaete hyemalis,Equisetum hyemale ssp. affine
Hippochaete hyemalis ssp. affinis,Equisetum hyemale ssp. affine
Hippochaete laevigata,Equisetum laevigatum
Hippochaete variegata,Equisetum variegatum ssp. variegatum
Hippuris vulgaris,Hippuris vulgaris
Hirculus platysepalus ssp. crandallii,Saxifraga flagellaris ssp. crandallii
Hirculus prorepens,Saxifraga hirculus
Hirculus serpyllifolius ssp. chrysanthus,Saxifraga chrysantha
Hoffmannseggia drepanocarpa,Hoffmannseggia drepanocarpa
Hoffmannseggia glauca,Hoffmannseggia glauca
Hoffmannseggia repens,Hoffmannseggia repens
Hoffmanseggia drepanocarpa,Hoffmannseggia drepanocarpa
Hoffmanseggia glauca,Hoffmannseggia glauca
Holcus lanatus,Holcus lanatus
Holmgrenia andina,Neoholmgrenia andina
Holodiscus discolor,Holodiscus discolor
Holodiscus dumosus,Holodiscus discolor
Holosteum umbellatum,Holosteum umbellatum ssp. umbellatum
Holosteum umbellatum ssp. umbellatum,Holosteum umbellatum ssp. umbellatum
Hopia obtusa,Hopia obtusa
Hordeum brachyantherum,Hordeum brachyantherum
Hordeum jubatum,Hordeum jubatum
Hordeum murinum,Hordeum murinum
Hordeum pusillum,Hordeum pusillum
Hordeum vulgare,Hordeum vulgare
Hornugia  procumbens,Hornungia procumbens
Hornungia procumbens,Hornungia procumbens
Humulus lupulus ssp. americanus,Humulus neomexicanus
Humulus lupulus var. neomexicanus,Humulus neomexicanus
Humulus neomexicanus,Humulus neomexicanus
Huperzia haleakalae,Huperzia haleakalae
Hybanthus verticillatus,Pombalia verticillata 
Hydrophyllum capitatum,Hydrophyllum capitatum var. capitatum
Hydrophyllum capitatum var. capitatum,Hydrophyllum capitatum var. capitatum
Hydrophyllum fendleri,Hydrophyllum fendleri var. fendleri
Hydrophyllum fendleri var. fendleri,Hydrophyllum fendleri var. fendleri
Hymenolobus procumbens,Hornungia procumbens
Hymenopappus filifolius,Hymenopappus filifolius
Hymenopappus filifolius var. cinereus,Hymenopappus filifolius var. cinereus
Hymenopappus filifolius var. luteus,Hymenopappus filifolius var. luteus
Hymenopappus filifolius var. megacephalus,Hymenopappus filifolius var. megacephalus
Hymenopappus filifolius var. parvulus,Hymenopappus filifolius var. parvulus
Hymenopappus filifolius var. pauciflorus,Hymenopappus filifolius var. pauciflorus
Hymenopappus filifolius var. polycephalus,Hymenopappus filifolius var. polycephalus
Hymenopappus flavescens,Hymenopappus flavescens var. flavescens
Hymenopappus newberryi,Hymenopappus newberryi
Hymenopappus tenuifolius,Hymenopappus tenuifolius
Hymenoxys brandegeei,Hymenoxys brandegei
Hymenoxys grandiflora,Hymenoxys grandiflora
Hymenoxys helenioides,Hymenoxys helenioides
Hymenoxys hoopesii,Hymenoxys hoopesii
Hymenoxys odorata,Hymenoxys odorata
Hymenoxys richardsonii,Hymenoxys richardsonii
Hymenoxys richardsonii var. floribunda,Hymenoxys richardsonii var. floribunda
Hymenoxys richardsonii var. richardsonii,Hymenoxys richardsonii var. richardsonii
Hyoscyamus niger,Hyoscyamus niger
Hypericum formosum,Hypericum scouleri
Hypericum majus,Hypericum majus
Hypericum perforatum,Hypericum perforatum
Hypericum scouleri ssp. nortoniae,Hypericum scouleri
Hypochaeris radicata,Hypochaeris radicata
Hypopitys monotropa,Monotropa hypopithys
Hypoxis hirsuta,Hypoxis hirsuta
Iberis amara,Iberis amara
Iliamna crandallii,Iliamna crandallii
Iliamna grandiflora,Iliamna angulata
Iliamna rivularis,Iliamna rivularis
Impatiens capensis,Impatiens capensis
Ipomoea cristulata,Ipomoea cristulata
Ipomoea leptophylla,Ipomoea leptophylla
Ipomoea purpurea,Ipomoea purpurea
Ipomopsis aggregata,Ipomopsis aggregata
Ipomopsis aggregata ssp. aggregata,Ipomopsis aggregata ssp. aggregata
Ipomopsis aggregata ssp. attenuata,Ipomopsis aggregata ssp. attenuata
Ipomopsis aggregata ssp. candida,Ipomopsis aggregata ssp. candida
Ipomopsis aggregata ssp. collina,Ipomopsis aggregata ssp. collina
Ipomopsis aggregata ssp. tenuituba,Ipomopsis aggregata ssp. tenuituba 
Ipomopsis aggregata ssp. weberi,Ipomopsis aggregata ssp. weberi
Ipomopsis congesta,Ipomopsis congesta
Ipomopsis congesta ssp. congesta,Ipomopsis congesta ssp. congesta
Ipomopsis congesta ssp. crebrifolia,Ipomopsis congesta ssp. crebrifolia
Ipomopsis congesta ssp. frutescens,Ipomopsis congesta ssp. frutescens
Ipomopsis globularis,Ipomopsis globularis
Ipomopsis gunnisonii,Ipomopsis gunnisonii
Ipomopsis laxiflora,Ipomopsis laxiflora
Ipomopsis longiflora,Ipomopsis longiflora
Ipomopsis multiflora,Ipomopsis multiflora
Ipomopsis polyantha,Ipomopsis polyantha
Ipomopsis polycladon,Ipomopsis polycladon
Ipomopsis pumila,Ipomopsis pumila
Ipomopsis ramosa,Ipomopsis ramosa
Ipomopsis roseata,Ipomopsis roseata
Ipomopsis spicata,Ipomopsis spicata
Ipomopsis tenuituba,Ipomopsis aggregata ssp. tenuituba 
Iris missouriensis,Iris missouriensis
Iris pseudacorus,Iris pseudacorus
Isatis tinctoria,Isatis tinctoria
Isoëtes bolanderi,Isoetes bolanderi
Isoëtes echinospora,Isoetes echinospora
Isoëtes lacustris,Isoetes occidentalis
Isoëtes occidentalis,Isoetes occidentalis
Isoëtes setacea ssp. muricata,Isoetes echinospora
Isocoma drummondii,Isocoma rusbyi
Isocoma rusbyi,Isocoma rusbyi
Iva axillaris,Iva axillaris
Ivesia gordonii,Ivesia gordonii
Jacea pratensis,Centaurea jacea
Jamesia americana,Jamesia americana var. americana
Jamesia americana var. americana,Jamesia americana var. americana
Juncus acuminatus,Juncus acuminatus
Juncus albescens,Juncus triglumis var. albescens
Juncus alpinoarticulatus,Juncus alpinoarticulatus
Juncus alpino-articulatus,Juncus alpinoarticulatus
Juncus arcticus,Juncus arcticus  
Juncus arcticus  ,Juncus arcticus  
Juncus arcticus ssp. ater,Juncus arcticus var. balticus
Juncus arcticus var. balticus,Juncus arcticus var. balticus
Juncus articulatus,Juncus articulatus
Juncus biglumis,Juncus biglumis
Juncus brachycephalus,Juncus brachycephalus
Juncus brachyphyllus,Juncus brachyphyllus
Juncus brevicaudatus,Juncus brevicaudatus
Juncus bryoides,Juncus bryoides
Juncus bufonius,Juncus bufonius
Juncus castaneus,Juncus castaneus
Juncus compressus,Juncus compressus
Juncus confusus,Juncus confusus
Juncus dichotomus,Juncus dichotomus
Juncus drummondii,Juncus drummondii
Juncus dudleyi,Juncus dudleyi
Juncus effusus,Juncus effusus
Juncus ensifolius,Juncus ensifolius
Juncus ensifolius var. ensifolius,Juncus ensifolius
Juncus filiformis,Juncus filiformis
Juncus gerardii,Juncus gerardii
Juncus hallii,Juncus hallii
Juncus interior,Juncus interior
Juncus longistylis,Juncus longistylis
Juncus marginatus,Juncus marginatus
Juncus mertensianus,Juncus mertensianus
Juncus nevadensis,Juncus nevadensis
Juncus nodosus,Juncus nodosus
Juncus parryi,Juncus parryi
Juncus platyphyllus,Juncus dichotomus
Juncus tenuis,Juncus tenuis
Juncus torreyi,Juncus torreyi
Juncus triglumis,Juncus triglumis
Juncus triglumis var. albescens,Juncus triglumis var. albescens
Juncus triglumis var. triglumis,Juncus triglumis var. triglumis
Juncus vaseyi,Juncus vaseyi
Juniperus communis ssp. alpina,Juniperus communis var. depressa
Juniperus communis var. depressa,Juniperus communis var. depressa
Juniperus monosperma,Juniperus monosperma
Juniperus osteosperma,Juniperus osteosperma
Juniperus scopulorum,Juniperus scopulorum
Kallstroemia parviflora,Kallstroemia parviflora
Kalmia microphylla,Kalmia microphylla
Knautia arvensis,Knautia arvensis
Kobresia myosuroides,Carex myosuroides
Kobresia schoenoides,Carex borealipolaris
Kobresia sibirica,Carex borealipolaris
Kobresia simpliciuscula,Carex simpliciuscula
Kochia americana,Neokochia americana
Kochia scoparia,Bassia scoparia ssp. scoparia
Koeleria macrantha,Koeleria macrantha
Koenigia islandica,Koenigia islandica
Krameria lanceolata,Krameria lanceolata
Krascheninnikovia lanata,Krascheninnikovia lanata
Krigia biflora,Krigia biflora
Lactuca biennis,Lactuca biennis
Lactuca canadensis,Lactuca canadensis
Lactuca graminifolia,Lactuca graminifolia
Lactuca ludoviciana,Lactuca ludoviciana
Lactuca saligna,Lactuca saligna
Lactuca serriola,Lactuca serriola
Lactuca tatarica ssp. pulchella,Mulgedium pulchellum
Lactuca tatarica var. pulchella,Mulgedium pulchellum
Laennecia coulteri,Laennecia coulteri
Laennecia schiedeana,Laennecia schiedeana
Lamium amplexicaule,Lamium amplexicaule
Lamium maculatum,Lamium maculatum
Lamium purpureum,Lamium purpureum
Lappula marginata,Lappula occidentalis var. cupulata
Lappula occidentalis,Lappula occidentalis
Lappula occidentalis var. cupulata,Lappula occidentalis var. cupulata
Lappula occidentalis var. occidentalis,Lappula occidentalis var. occidentalis
Lappula redowskii,Lappula occidentalis var. occidentalis
Lappula squarrosa,Lappula squarrosa
Lapsana communis,Lapsana communis
Lathrocasis tenerrima,Lathrocasis tenerrima
Lathyrus brachycalyx ssp. zionis,Lathyrus brachycalyx ssp. zionis
Lathyrus brachycalyx var. zionis,Lathyrus brachycalyx ssp. zionis
Lathyrus eucosmus,Lathyrus eucosmus
Lathyrus laetivirens,Lathyrus lanszwertii
Lathyrus lanszwertii,Lathyrus lanszwertii
Lathyrus lanszwertii var. laetivirens,Lathyrus laetivirens
Lathyrus lanszwertii var. lanszwertii,Lathyrus lanszwertii
Lathyrus lanszwertii var. leucanthus,Lathyrus leucanthus
Lathyrus latifolius,Lathyrus latifolius
Lathyrus leucanthus,Lathyrus leucanthus
Lathyrus pauciflorus,Lathyrus pauciflorus var. utahensis
Lathyrus pauciflorus var. utahensis,Lathyrus pauciflorus var. utahensis
Lathyrus polymorphus,Lathyrus polymorphus
Lathyrus polymorphus ssp. incanus,Lathyrus polymorphus var. incanus
Lathyrus polymorphus ssp. polymorphus,Lathyrus polymorphus var. polymorphus
Lathyrus sylvestris,Lathyrus sylvestris
Leersia oryzoides,Leersia oryzoides
Leiostemon ambiguus,Penstemon ambiguus
Lemna minor,Lemna minor
Lemna minuscula,Lemna minuta
Lemna minuta,Lemna minuta
Lemna trisulca,Lemna trisulca
Leonurus cardiaca,Leonurus cardiaca
Lepidium alyssoides,Lepidium alyssoides
Lepidium alyssoides var. eastwoodiae,Lepidium eastwoodiae
Lepidium appelianum,Lepidium appelianum
Lepidium campestre,Lepidium campestre
Lepidium chalapensis,Lepidium chalepense
Lepidium crenatum,Lepidium crenatum
Lepidium densiflorum,Lepidium densiflorum
Lepidium draba,Lepidium draba
Lepidium eastwoodiae,Lepidium eastwoodiae
Lepidium heterophyllum,Lepidium heterophyllum
Lepidium huberi,Lepidium huberi
Lepidium lasiocarpum,Lepidium lasiocarpum var. lasiocarpum
Lepidium lasiocarpum ssp. lasiocarpum,Lepidium lasiocarpum var. lasiocarpum
Lepidium latifolium,Lepidium latifolium
Lepidium montanum,Lepidium montanum
Lepidium paysonii,Lepidium paysonii
Lepidium perfoliatum,Lepidium perfoliatum
Lepidium ramosissimum,Lepidium ramosissimum
Lepidium virginicum,Lepidium virginicum
Lepidium virginicum var. virginicum,Lepidium virginicum
Lepidotheca suaveolens,Matricaria discoidea
Leptodactylon caespitosum,Linanthus caespitosus
Leptodactylon pungens,Linanthus pungens
Leptodactylon watsonii,Linanthus watsonii
Leptosiphon nuttallii ssp. nuttallii,Leptosiphon nuttallii ssp. nuttallii
Leptosiphon septentrionalis,Leptosiphon septentrionalis
Lesquerella alpina,Physaria reediana
Lesquerella arenosa,Physaria arenosa
Lesquerella calcicola,Physaria calcicola
Lesquerella congesta,Physaria congesta
Lesquerella fendleri,Physaria fendleri
Lesquerella ludoviciana,Physaria ludoviciana
Lesquerella montana,Physaria montana
Lesquerella ovalifolia,Physaria ovalifolia
Lesquerella parviflora,Physaria parviflora
Lesquerella parvula,Physaria parvula
Lesquerella pruinosa,Physaria pruinosa
Lesquerella rectipes,Physaria rectipes
Lesquerella subumbellata,Physaria subumbellata
Lesquerella vicina,Physaria vicina
Leucacantha cyanus,Centaurea cyanus
Leucantha solstitialis,Centaurea solstitialis
Leucanthemum maximum,Leucanthemum maximum
Leucanthemum vulgare,Leucanthemum vulgare
Leucelene ericoides,Chaetopappa ericoides
Leucocrinum montanum,Leucocrinum montanum
Leucopoa kingii,Festuca kingii
Lewisia pygmaea,Lewisia pygmaea
Lewisia pygmaea var. nevadensis,Lewisia nevadensis
Lewisia pygmaea var. pygmaea,Lewisia pygmaea
Lewisia rediviva,Lewisia rediviva var. rediviva
Lewisia rediviva var. rediviva,Lewisia rediviva var. rediviva
Lewisia triphylla,Lewisia triphylla
Leymus ambiguus,Leymus ambiguus
Leymus cinereus,Leymus cinereus
Leymus racemosus,Leymus racemosus
Leymus salina,Leymus salina ssp. salina
Leymus salina ssp. salina,Leymus salina ssp. salina
Leymus triticoides,Leymus triticoides
Liatris lancifolia,Liatris lancifolia
Liatris ligulistylis,Liatris ligulistylis
Liatris punctata,Liatris punctata
Liatris squarrosa var. glabrata,Liatris squarrosa var. glabrata
Lidia obtusiloba,Cherleria obtusiloba
Ligularia amplectens,Senecio amplectens
Ligularia bigelovii,Senecio bigelovii var. hallii
Ligularia bigelovii var. hallii,Senecio bigelovii var. hallii
Ligularia holmii,Senecio amplectens var. holmii
Ligularia porteri,Packera porteri
Ligularia pudica,Senecio pudicus
Ligularia soldanella,Senecio soldanella
Ligularia taraxacoides,Senecio taraxacoides
Ligusticum filicinum,Ligusticum filicinum
Ligusticum porteri,Ligusticum porteri
Ligusticum tenuifolium,Ligusticum tenuifolium
Ligustrum vulgare,Ligustrum vulgare
Lilium philadelphicum,Lilium philadelphicum
Limnorchis dilatata,Platanthera dilatata var. albiflora
Limnorchis dilatata ssp. albiflora,Platanthera dilatata var. albiflora
Limnorchis ensifolia,Platanthera tescamnis
Limnorchis hyperborea,Platanthera aquilonis
Limnorchis stricta,Platanthera purpurascens
Limnorchis zothecina,Platanthera zothecina
Limosella aquatica,Limosella aquatica
Linanthastrum nuttallii,Leptosiphon nuttallii ssp. nuttallii
Linanthus caespitosus,Linanthus caespitosus
Linanthus harknessii var. septentrionalis,Leptosiphon septentrionalis
Linanthus pungens,Linanthus pungens
Linanthus watsonii,Linanthus watsonii
Linaria canadensis var. texana,Nuttallanthus canadensis 
Linaria dalmatica,Linaria dalmatica
Linaria genistifolia ssp. dalmatica,Linaria dalmatica
Linaria vulgaris,Linaria vulgaris
Lindernia dubia var. anagallidea,Lindernia dubia var. anagallidea
Linnaea borealis,Linnaea borealis ssp. longiflora
Linnaea borealis var. longiflora,Linnaea borealis ssp. longiflora
Linum aristatum,Linum aristatum
Linum australe,Linum australe
Linum berlandieri,Linum berlandieri
Linum compactum,Linum compactum
Linum kingii,Linum kingii
Linum lewisii,Linum lewisii
Linum perenne,Linum perenne
Linum pratense,Linum pratense
Linum puberulum,Linum puberulum
Linum rigidum,Linum rigidum
Lipocarpha aristulata,Lipocarpha aristulata
Listera borealis,Neottia borealis
Listera convallarioides,Neottia convallarioides
Listera cordata ssp. nephrophylla,Neottia cordata
Listera cordata var. nephrophylla,Neottia cordata
Lithophragma glabrum,Lithophragma glabrum
Lithophragma parviflorum,Lithophragma parviflorum
Lithophragma tenellum,Lithophragma tenellum
Lithospermum arvense,Lithospermum arvense
Lithospermum caroliniense var. croceum,Lithospermum caroliniense var. croceum
Lithospermum croceum,Lithospermum caroliniense var. croceum
Lithospermum incisum,Lithospermum incisum
Lithospermum multiflorum,Lithospermum multiflorum
Lithospermum ruderale,Lithospermum ruderale
Lloydia serotina,Gagea serotina
Lobelia cardinalis,Lobelia cardinalis
Lobelia cardinalis ssp. graminea,Lobelia cardinalis
Lobelia siphilitica var. ludoviciana,Lobelia siphilitica var. ludoviciana
Lobularia maritima,Lobularia maritima
Lolium multiflorum,Lolium multiflorum
Lolium perenne,Lolium perenne
Lolium perenne ssp. italicum,Lolium perenne
Lomatium bicolor,Lomatium bicolor
Lomatium bicolor var. leptocarpum,Lomatium leptocarpum
Lomatium concinnum,Lomatium concinnum
Lomatium dissectum,Lomatium multifidum
Lomatium dissectum var. eatonii,Lomatium multifidum
Lomatium dissectum var. multifidum,Lomatium multifidum
Lomatium eastwoodiae,Lomatium eastwoodiae
Lomatium foeniculaceum,Lomatium foeniculaceum
Lomatium foeniculaceum ssp. macdougalii,Lomatium foeniculaceum var. macdougalii
Lomatium foeniculaceum var. foeniculaceum,Lomatium foeniculaceum ssp. foeniculaceum
Lomatium foeniculaceum var. macdougalii,Lomatium foeniculaceum var. macdougalii
Lomatium grayi,Lomatium grayi var. grayi
Lomatium grayi var. grayi,Lomatium grayi var. grayi
Lomatium juniperinum,Lomatium juniperinum
Lomatium latilobum,Lomatium latilobum
Lomatium leptocarpum,Lomatium leptocarpum
Lomatium macrocarpum,Lomatium macrocarpum
Lomatium nuttallii,Lomatium nuttallii
Lomatium orientale,Lomatium orientale
Lomatium triternatum ssp. platycarpum,Lomatium triternatum ssp. platycarpum
Lomatium triternatum var. platycarpum,Lomatium triternatum ssp. platycarpum
Lomatogonium rotatum,Lomatogonium rotatum
Lomatogonium rotatum ssp. tenuifolium,Lomatogonium rotatum
Lonicera involucrata,Lonicera involucrata
Lonicera morrowii,Lonicera morrowii
Lonicera tatarica,Lonicera tatarica
Lonicera utahensis,Lonicera utahensis
Lotus corniculatus,Lotus corniculatus
Lotus tenuis,Lotus tenuis
Lotus wrightii,Ottleya wrightii 
Lunaria annua,Lunaria annua
Lupinus ammophilus,Lupinus ammophilus
Lupinus argenteus,Lupinus argenteus
Lupinus argenteus var. argenteus,Lupinus argenteus var. argenteus
Lupinus argenteus var. fulvomaculatus,Lupinus argenteus var. fulvomaculatus
Lupinus argenteus var. holosericeus,Lupinus argenteus var. holosericeus
Lupinus argenteus var. parviflorus,Lupinus argenteus var. parviflorus
Lupinus argenteus var. rubricaulis,Lupinus argenteus var. rubricaulis
Lupinus bakeri,Lupinus sericeus var. sericeus
Lupinus brevicaulis,Lupinus brevicaulis
Lupinus caudatus,Lupinus caudatus
Lupinus caudatus var. argophyllus,Lupinus caudatus ssp. argophyllus
Lupinus caudatus var. utahensis,Lupinus caudatus var. utahensis
Lupinus crassus,Lupinus crassus
Lupinus kingii,Lupinus kingii
Lupinus lepidus ssp. caespitosus,Lupinus lepidus var. utahensis
Lupinus lepidus var. utahensis,Lupinus lepidus var. utahensis
Lupinus leucophyllus,Lupinus leucophyllus
Lupinus parviflorus,Lupinus argenteus var. parviflorus
Lupinus plattensis,Lupinus plattensis
Lupinus polyphyllus,Lupinus polyphyllus
Lupinus polyphyllus var. humicola,Lupinus polyphyllus var. humicola
Lupinus polyphyllus var. prunophilus,Lupinus polyphyllus var. prunophilus
Lupinus prunophilus,Lupinus polyphyllus var. prunophilus
Lupinus pusillus,Lupinus pusillus
Lupinus sericeus,Lupinus sericeus var. sericeus
Lupinus sericeus var. sericeus,Lupinus sericeus var. sericeus
Luzula comosa,Luzula comosa
Luzula parviflora,Luzula parviflora
Luzula spicata,Luzula spicata
Luzula subcapitata,Luzula subcapitata
Lycium barbarum,Lycium barbarum
Lycium pallidum,Lycium pallidum
Lycopodium annotinum,Lycopodium annotinum
Lycopus americanus,Lycopus americanus
Lycopus asper,Lycopus asper
Lycopus uniflorus,Lycopus uniflorus
Lycurus setosus,Muhlenbergia alopecuroides
Lygodesmia arizonica,Lygodesmia grandiflora var. arizonica
Lygodesmia doloresensis,Lygodesmia grandiflora var. doloresensis
Lygodesmia grandiflora,Lygodesmia grandiflora
Lygodesmia grandiflora var. arizonica,Lygodesmia grandiflora var. arizonica
Lygodesmia grandiflora var. doloresensis,Lygodesmia grandiflora var. doloresensis
Lygodesmia grandiflora var. grandiflora,Lygodesmia grandiflora var. grandiflora
Lygodesmia juncea,Lygodesmia juncea
Lysiella obtusata,Platanthera obtusata
Lysimachia ciliata,Lysimachia ciliata
Lysimachia nummularia,Lysimachia nummularia
Lysimachia thyrsiflora,Lysimachia thyrsiflora
Lysimachia vulgaris,Lysimachia vulgaris
Lythrum alatum,Lythrum alatum
Lythrum salicaria,Lythrum salicaria
Machaeranthera annua,Rayjacksonia annua
Machaeranthera bigelovii,Dieteria bigelovii var. bigelovii
Machaeranthera canescens,Dieteria canescens
Machaeranthera coloradoënsis,Xanthisma coloradoense
Machaeranthera gracilis,Xanthisma gracile
Machaeranthera grindelioides,Xanthisma grindelioides var. grindelioides
Machaeranthera parviflora,Leucosyris parviflora
Machaeranthera phyllocephala,Rayjacksonia annua
Machaeranthera pinnatifida,Xanthisma spinulosum
Machaeranthera pinnatifida var. glaberrima,Xanthisma spinulosum var. glaberrimum
Machaeranthera pinnatifida var. paradoxa,Xanthisma spinulosum var. paradoxum
Machaeranthera pinnatifida var. pinnatifida,Xanthisma spinulosum var. spinulosum
Machaeranthera tanacetifolia,Machaeranthera tanacetifolia
Maclura pomifera,Maclura pomifera
Macronema discoideum,Ericameria discoidea var. discoidea
Madia glomerata,Madia glomerata
Mahonia fremontii,Berberis fremontii
Mahonia haematocarpa,Berberis haematocarpa
Mahonia repens,Berberis repens
Maianthemum amplexicaule,Maianthemum racemosum ssp. amplexicaule
Maianthemum racemosum ssp. amplexicaule,Maianthemum racemosum ssp. amplexicaule
Maianthemum stellatum,Maianthemum stellatum
Malacothrix sonchoides,Malacothrix sonchoides
Malacothrix torreyi,Malacothrix torreyi
Malaxis monophyllos ssp. brachypoda,Malaxis monophyllos var. brachypoda
Malaxis monophyllos var. brachypoda,Malaxis monophyllos var. brachypoda
Malcolmia africana,Strigosella africana
Malus domestica,Malus pumila
Malus pumila,Malus pumila
Malva crispa,Malva verticillata
Malva neglecta,Malva neglecta
Malva parviflora,Malva parviflora
Malva pusilla,Malva pusilla
Malva sylvestris,Malva sylvestris
Malva verticillata,Malva verticillata
Malvella leprosa,Malvella leprosa
Malvella sagittifolia,Malvella sagittifolia
Mariscus fendlerianus,Cyperus fendlerianus
Mariscus filiculmis,Cyperus lupulinus
Mariscus schweinitzii,Cyperus schweinitzii
Marrubium vulgare,Marrubium vulgare
Marsilea mucronata,Marsilea vestita
Marsilea vestita,Marsilea vestita
Matricaria discoidea,Matricaria discoidea
Matricaria perforata,Tripleurospermum inodorum
Medicago falcata,Medicago falcata
Medicago lupulina,Medicago lupulina
Medicago sativa,Medicago sativa
Melampodium leucanthum,Melampodium leucanthum
Melandrium dioicum,Silene latifolia
Melica bulbosa,Melica bulbosa
Melica porteri,Melica porteri
Melica spectabilis,Melica spectabilis
Melica subulata var. subulata,Melica subulata var. subulata
Melilotus albus,Melilotus albus
Melilotus officinale,Melilotus officinalis
Melilotus officinalis,Melilotus officinalis
Menodora scabra,Menodora scabra
Mentha ×piperita,Mentha x piperita
Mentha arvensis,Mentha arvensis
Mentha piperita,Mentha x piperita
Mentha spicata,Mentha spicata
Mentzelia albicaulis,Mentzelia albicaulis
Mentzelia chrysantha,Mentzelia chrysantha
Mentzelia cronquistii,Mentzelia cronquistii
Mentzelia decapetala,Mentzelia decapetala
Mentzelia densa,Mentzelia densa
Mentzelia dispersa,Mentzelia dispersa
Mentzelia laciniata,Mentzelia laciniata
Mentzelia laevicaulis,Mentzelia laevicaulis
Mentzelia lagarosa,Mentzelia lagarosa
Mentzelia marginata,Mentzelia marginata
Mentzelia multicaulis,Mentzelia multicaulis
Mentzelia multiflora,Mentzelia multiflora
Mentzelia nuda,Mentzelia nuda
Mentzelia oligosperma,Mentzelia oligosperma
Mentzelia paradoxensis,Mentzelia paradoxensis
Mentzelia procera,Mentzelia procera
Mentzelia pterosperma,Mentzelia pterosperma
Mentzelia pumila,Mentzelia pumila
Mentzelia reverchonii,Mentzelia reverchonii
Mentzelia rhizomata,Mentzelia rhizomata
Mentzelia rusbyi,Mentzelia rusbyi
Mentzelia speciosa,Mentzelia speciosa
Mentzelia thompsonii,Mentzelia thompsonii
Mentzelia uintahensis,Mentzelia uintahensis
Menyanthes trifoliata,Menyanthes trifoliata
Mertensia alpina,Mertensia ambigua
Mertensia arizonica,Mertensia grahamii
Mertensia arizonica var. grahamii,Mertensia grahamii
Mertensia brevistyla,Mertensia brevistyla
Mertensia ciliata,Mertensia ciliata var. ciliata
Mertensia franciscana,Mertensia franciscana
Mertensia fusiformis,Mertensia fusiformis
Mertensia humilis,Mertensia humilis
Mertensia lanceolata,Mertensia lanceolata
Mertensia lanceolata var. lanceolata,Mertensia lanceolata var. lanceolata
Mertensia lanceolata var. nivalis,Mertensia lanceolata var. nivalis
Mertensia oblongifolia,Mertensia foliosa
Mesyniopsis kingii,Linum kingii
Mesynium aristatum,Linum aristatum
Mesynium australe,Linum australe
Mesynium puberulum,Linum puberulum
Mesynium rigidum,Linum rigidum
Micranthes foliolosa,Micranthes foliolosa
Micranthes odontoloma,Micranthes odontoloma
Micranthes oregana,Micranthes oregana
Micranthes rhomboidea,Micranthes rhomboidea
Micromonolepis pusilla,Micromonolepis pusilla
Microseris nutans,Microseris nutans
Microsteris gracilis,Microsteris gracilis
Microsteris gracilis ssp. humilis,Microsteris gracilis
Mimosa borealis,Mimosa borealis
Mimosa nuttallii,Mimosa nuttallii
Mimosa rupertiana,Mimosa rupertiana
Mimulus eastwoodiae,Erythranthe eastwoodiae
Mimulus floribundus,Erythranthe floribunda
Mimulus gemmiparus,Erythranthe gemmipara
Mimulus glabratus,Erythranthe geyeri
Mimulus guttatus,Erythranthe guttata
Mimulus lewisii,Erythranthe lewisii
Mimulus moschatus,Erythranthe moschata
Mimulus ringens,Mimulus ringens
Mimulus rubellus,Erythranthe rubella
Mimulus suksdorfii,Erythranthe suksdorfii
Mimulus tilingii,Erythranthe tilingii
Minuartia macrantha,Sabulina macrantha
Minuartia nuttallii var. nuttallii,Sabulina nuttallii
Minuartia obtusiloba,Cherleria obtusiloba
Minuartia rubella,Sabulina rubella
Minuartia stricta,Sabulina stricta
Minuopsis nuttallii,Sabulina nuttallii
Mirabilis alipes,Mirabilis alipes
Mirabilis glabra,Mirabilis glabra
Mirabilis glandulosa,Mirabilis multiflora var. glandulosa
Mirabilis hirsuta,Mirabilis hirsuta
Mirabilis lanceolata,Mirabilis lanceolata 
Mirabilis linearis,Mirabilis linearis
Mirabilis linearis var. linearis,Mirabilis linearis var. linearis
Mirabilis linearis var. subhispida,Mirabilis linearis var. subhispida
Mirabilis melanotricha,Mirabilis melanotricha
Mirabilis multiflora,Mirabilis multiflora
Mirabilis multiflora var. glandulosa,Mirabilis multiflora var. glandulosa
Mirabilis multiflora var. multiflora,Mirabilis multiflora var. multiflora
Mirabilis nyctaginea,Mirabilis nyctaginea
Mirabilis oxybaphoides,Mirabilis oxybaphoides
Mirabilis rotundifolia,Mirabilis rotundifolia
Miscanthus sinensis,Miscanthus sinensis
Mitella pentandra,Mitella pentandra
Mitella stauropetala var. stenopetala,Mitella stauropetala var. stenopetala
Moehringia lateriflora,Moehringia lateriflora
Moehringia macrophylla,Moehringia macrophylla
Mollugo verticillata,Mollugo verticillata
Monarda fistulosa var. menthifolia,Monarda fistulosa var. menthifolia
Monarda pectinata,Monarda pectinata
Monardella odoratissima,Monardella odoratissima
Moneses uniflora,Moneses uniflora
Monolepis nuttalliana,Blitum nuttallianum
Monolepis pusilla,Micromonolepis pusilla
Monotropa hypopithys,Monotropa hypopithys
Monroa squarrosa,Munroa squarrosa
Montia chamissoi,Montia chamissoi
Morus alba,Morus alba
Muhlenbergia alopecuroides,Muhlenbergia alopecuroides
Muhlenbergia ammophila,Muhlenbergia multiflora 
Muhlenbergia andina,Muhlenbergia andina
Muhlenbergia arenacea,Muhlenbergia arenacea
Muhlenbergia arenicola,Muhlenbergia arenicola
Muhlenbergia asperifolia,Muhlenbergia asperifolia
Muhlenbergia brevis,Muhlenbergia brevis
Muhlenbergia cuspidata,Muhlenbergia cuspidata
Muhlenbergia depauperata,Muhlenbergia depauperata
Muhlenbergia filiculmis,Muhlenbergia filiculmis
Muhlenbergia filiformis,Muhlenbergia filiformis
Muhlenbergia mexicana,Muhlenbergia mexicana
Muhlenbergia minutissima,Muhlenbergia minutissima
Muhlenbergia montana,Muhlenbergia montana
Muhlenbergia paniculata,Muhlenbergia paniculata
Muhlenbergia pauciflora,Muhlenbergia pauciflora
Muhlenbergia phleoides,Muhlenbergia phleoides
Muhlenbergia porteri,Muhlenbergia porteri
Muhlenbergia pungens,Muhlenbergia pungens
Muhlenbergia racemosa,Muhlenbergia racemosa
Muhlenbergia ramulosa,Muhlenbergia ramulosa
Muhlenbergia richardsonis,Muhlenbergia richardsonis
Muhlenbergia schreberi,Muhlenbergia schreberi
Muhlenbergia thurberi,Muhlenbergia thurberi
Muhlenbergia torreyi,Muhlenbergia torreyi
Muhlenbergia tricholepis,Muhlenbergia tricholepis 
Muhlenbergia wolfii,Muhlenbergia ramulosa
Muhlenbergia wrightii,Muhlenbergia wrightii
Munroa squarrosa,Munroa squarrosa
Muscaria adscendens,Saxifraga adscendens
Muscaria delicatula,Saxifraga cespitosa
Muscaria micropetala,Saxifraga caespitosa ssp. monticola
Muscaria monticola,Saxifraga caespitosa ssp. monticola
Musineon divaricatum,Musineon divaricatum
Musineon tenuifolium,Musineon tenuifolium
Myosotis arvensis,Myosotis arvensis
Myosotis asiatica,Myosotis asiatica
Myosotis scorpioides,Myosotis scorpioides
Myosurus apetalus,Myosurus apetalus var. montanus
Myosurus apetalus var. montanus,Myosurus apetalus var. montanus
Myosurus cupulatus,Myosurus cupulatus
Myosurus minimus,Myosurus minimus
Myosurus nitidus,Myosurus nitidus
Myriophyllum sibiricum,Myriophyllum sibiricum
Myriophyllum verticillatum,Myriophyllum verticillatum
Najas guadalupensis,Najas guadalupensis ssp. guadalupensis
Najas guadalupensis ssp. guadalupensis,Najas guadalupensis ssp. guadalupensis
Nama densum,Nama densum var. parviflorum
Nama densum var. parviflorum,Nama densum var. parviflorum
Nama dichotomum,Nama dichotoma
Nama retrorsum,Nama retrorsum
Nassella viridula,Nassella viridula
Nasturtium officinale,Nasturtium officinale
Naumburgia thyrsiflora,Lysimachia thyrsiflora
Navarretia breweri,Navarretia breweri
Navarretia saximontana,Navarretia saximontana
Navarretia sinistra,Navarretia sinistra
Negundo aceroides,Acer negundo
Negundo aceroides ssp. interius,Acer negundo var. interius
Negundo aceroides ssp. violaceus,Acer negundo var. violaceum
Nemophila breviflora,Nemophila breviflora
Neokochia americana,Neokochia americana
Neolepia campestris,Lepidium campestre
Neoparrya lithophila,Neoparrya lithophila
Nepeta cataria,Nepeta cataria
Nepeta racemosa,Nepeta racemosa
Nicandra physalodes,Nicandra physalodes
Nicotiana attenuata,Nicotiana attenuata
Noccaea fendleri,Noccaea fendleri ssp. glauca
Noccaea fendleri ssp. glauca,Noccaea fendleri ssp. glauca
Noccaea montana,Noccaea fendleri ssp. glauca
Nolina greenei,Nolina texana
Nolina texana,Nolina texana
Nothocalais cuspidata,Nothocalais cuspidata
Notholaena standleyi,Notholaena standleyi
Nuphar lutea ssp. polysepala,Nuphar polysepala
Nuphar polysepala,Nuphar polysepala
Nuttallia argillosa,Mentzelia rhizomata
Nuttallia chrysantha,Mentzelia chrysantha
Nuttallia cronquistii,Mentzelia cronquistii
Nuttallia decapetala,Mentzelia decapetala
Nuttallia densa,Mentzelia densa
Nuttallia laciniata,Mentzelia laciniata
Nuttallia laevicaulis,Mentzelia laevicaulis
Nuttallia marginata,Mentzelia marginata
Nuttallia multicaulis,Mentzelia multicaulis
Nuttallia multiflora,Mentzelia multiflora
Nuttallia nuda,Mentzelia nuda
Nuttallia pterosperma,Mentzelia pterosperma
Nuttallia reverchonii,Mentzelia reverchonii
Nuttallia rhizomata,Mentzelia rhizomata
Nuttallia rusbyi,Mentzelia rusbyi
Nuttallia sinuata,Mentzelia speciosa
Nymphaea odorata,Nymphaea odorata ssp. odorata
Nymphaea odorata ssp. odorata,Nymphaea odorata ssp. odorata
Oönopsis engelmannii,Oonopsis engelmannii
Oönopsis foliosa,Oönopsis foliosa
Oönopsis monocephala,Oönopsis monocephala
Oönopsis puebloensis,Oönopsis puebloensis
Oönopsis wardii,Oönopsis wardii
Oenothera acutissima,Oenothera acutissima
Oenothera albicaulis,Oenothera albicaulis
Oenothera biennis,Oenothera biennis
Oenothera caespitosa,Oenothera cespitosa
Oenothera caespitosa ssp. caespitosa,Oenothera cespitosa var. cespitosa
Oenothera caespitosa ssp. macroglottis,Oenothera cespitosa var. macroglottis
Oenothera caespitosa ssp. marginata,Oenothera cespitosa var. marginata
Oenothera caespitosa ssp. navajoensis,Oenothera cespitosa var. navajoensis 
Oenothera canescens,Oenothera canescens
Oenothera cespitosa,Oenothera cespitosa
Oenothera cespitosa ssp. cespitosa,Oenothera cespitosa var. cespitosa
Oenothera cespitosa ssp. macroglottis,Oenothera cespitosa var. macroglottis
Oenothera cespitosa ssp. marginata,Oenothera cespitosa var. marginata
Oenothera cespitosa ssp. navajoensis,Oenothera cespitosa var. navajoensis 
Oenothera cinerea,Oenothera cinerea
Oenothera coloradoensis,Oenothera coloradensis
Oenothera coronopifolia,Oenothera coronopifolia
Oenothera curtifolia,Oenothera curtiflora
Oenothera dodgeniana,Oenothera dodgeniana
Oenothera elata ssp. hirsutissima,Oenothera elata ssp. hirsutissima
Oenothera engelmannii,Oenothera engelmannii
Oenothera flava,Oenothera flava
Oenothera glaucifolia,Oenothera glaucifolia
Oenothera grandis,Oenothera grandis
Oenothera harringtonii,Oenothera harringtonii
Oenothera hartwegii,Oenothera hartwegii
Oenothera howardii,Oenothera howardii
Oenothera latifolia,Oenothera pallida ssp. latifolia
Oenothera lavandulifolia,Oenothera lavandulifolia
Oenothera longissima,Oenothera longissima
Oenothera nuttallii,Oenothera nuttallii
Oenothera pallida,Oenothera pallida
Oenothera pallida ssp. latifolia,Oenothera pallida ssp. latifolia
Oenothera pallida ssp. pallida,Oenothera pallida ssp. pallida
Oenothera pallida ssp. runcinata,Oenothera pallida ssp. runcinata
Oenothera pallida ssp. trichocalyx,Oenothera pallida ssp. trichocalyx
Oenothera rhombipetala,Oenothera rhombipetala
Oenothera serrulata var. serrulata,Oenothera serrulata var. serrulata
Oenothera suffrutescens,Oenothera suffrutescens
Oenothera villosa,Oenothera villosa
Oenothera villosa ssp. strigosa,Oenothera villosa ssp. strigosa
Oenothera villosa ssp. villosa,Oenothera villosa ssp. villosa
Oligoneuron rigidum,Solidago rigida ssp. humilis
Oligosporus caudatus,Artemisia campestris ssp. caudata
Oligosporus dracunculus,Artemisia dracunculus
Oligosporus filifolius,Artemisia filifolia
Oligosporus groenlandicus,Artemisia campestris var. purshii
Oligosporus pacificus,Artemisia campestris ssp. pacifica
Oligosporus pedatifidus,Artemisia pedatifida
Onobrychis viciifolia,Onobrychis viciifolia
Onoclea sensibilis,Onoclea sensibilis
Onopordum acanthium,Onopordum acanthium
Onopordum tauricum,Onopordum tauricum
Onosmodium bejariense var. occidentale,Lithospermum occidentale
Onosmodium molle ssp. occidentale,Lithospermum occidentale
Opuntia erinacea,Opuntia polyacantha var. hystricina
Opuntia erinacea var. utahensis,Opuntia polyacantha var. hystricina
Opuntia fragilis,Opuntia fragilis
Opuntia macrorhiza,Opuntia macrorhiza
Opuntia phaeacantha,Opuntia phaeacantha
Opuntia polyacantha,Opuntia polyacantha
Opuntia polyacantha var. hystricina,Opuntia polyacantha var. hystricina
Opuntia polyacantha var. polyacantha,Opuntia polyacantha var. polyacantha
Opuntia polyacantha var. trichophora,Opuntia polyacantha var. trichophora
Opuntia trichophora,Opuntia polyacantha var. trichophora
Oreobatus deliciosus,Rubus deliciosus
Oreobatus deliciosus ssp. neomexicanus,Rubus neomexicanus
Oreobroma nevadensis,Lewisia nevadensis
Oreobroma pygmaea,Lewisia pygmaea
Oreocarya aperta,Oreocarya aperta
Oreocarya bakeri,Oreocarya bakeri
Oreocarya breviflora,Oreocarya breviflora
Oreocarya caespitosa,Oreocarya caespitosa
Oreocarya cana,Oreocarya cana
Oreocarya celosioides,Oreocarya glomerata
Oreocarya elata,Oreocarya elata
Oreocarya flava,Oreocarya flava
Oreocarya flavoculata,Oreocarya flavoculata
Oreocarya fulvocanescens,Oreocarya nitida
Oreocarya humilis,Oreocarya humilis
Oreocarya humilis ssp. nana,Oreocarya humilis
Oreocarya longiflora,Oreocarya longiflora
Oreocarya mensana,Oreocarya mensana
Oreocarya nitida,Oreocarya nitida
Oreocarya osterhoutii,Oreocarya osterhoutii
Oreocarya paradoxa,Oreocarya paradoxa
Oreocarya pustulosa,Oreocarya pustulosa
Oreocarya revealii,Oreocarya revealii
Oreocarya rollinsii,Oreocarya rollinsii
Oreocarya sericea,Oreocarya sericea
Oreocarya stricta,Oreocarya stricta
Oreocarya suffruticosa,Oreocarya suffruticosa
Oreocarya thyrsiflora,Oreocarya thyrsiflora
Oreocarya virgata,Oreocarya virgata
Oreocarya weberi,Oreocarya weberi
Oreochrysum parryi,Oreochrysum parryi
Oreoxis alpina,Oreoxis alpina
Oreoxis bakeri,Oreoxis bakeri
Oreoxis humilis,Oreoxis humilis
Orobanche fasciculata,Aphyllon fasciculatum
Orobanche ludoviciana,Aphyllon ludovicianum
Orobanche multiflora,Aphyllon multiflorum
Orobanche riparia,Aphyllon riparium
Orobanche uniflora,Aphyllon purpureum
Orogenia linearifolia,Lomatium linearifolium
Orophaca aretioides,Astragalus aretioides
Orophaca hyalina,Astragalus hyalinus
Orophaca sericea,Astragalus sericoleucus
Orophaca tridactylica,Astragalus tridactylicus
Orophaca triphylla,Astragalus gilviflorus
Orthilia secunda,Orthilia secunda
Orthocarpus luteus,Orthocarpus luteus
Orthocarpus purpureoalbus,Orthocarpus purpureoalbus
Oryzopsis asperifolia,Oryzopsis asperifolia
Oryzopsis exigua,Piptatheropsis exigua
Oryzopsis pungens,Piptatheropsis pungens
Osmorhiza berteroi,Osmorhiza berteroi
Osmorhiza chilensis,Osmorhiza berteroi
Osmorhiza depauperata,Osmorhiza depauperata
Osmorhiza longistylis,Osmorhiza longistylis
Osmorhiza occidentalis,Osmorhiza occidentalis
Oxalis caerulea,Oxalis caerulea
Oxalis corniculata,Oxalis corniculata
Oxalis dillenii,Oxalis dillenii
Oxalis stricta,Oxalis stricta
Oxalis violacea,Oxalis caerulea
Oxybaphus albidus,Mirabilis hirsuta
Oxybaphus carletonii,Mirabilis glabra
Oxybaphus comatus,Mirabilis melanotricha
Oxybaphus glaber,Mirabilis glabra
Oxybaphus hirsutus,Mirabilis hirsuta
Oxybaphus linearis,Mirabilis linearis
Oxybaphus melanotrichus,Mirabilis melanotricha
Oxybaphus nyctagineus,Mirabilis nyctaginea
Oxybaphus rotundifolius,Mirabilis rotundifolia
Oxypolis fendleri,Oxypolis fendleri
Oxyria digyna,Oxyria digyna
Oxytenia acerosa,Euphrosyne acerosa
Oxytropis besseyi var. obnapiformis,Oxytropis besseyi var. obnapiformis
Oxytropis campestris,Oxytropis cusickii
Oxytropis campestris var. cusickii,Oxytropis cusickii
Oxytropis campestris var. spicata,Oxytropis monticola
Oxytropis cusickii,Oxytropis cusickii
Oxytropis deflexa,Oxytropis deflexa
Oxytropis deflexa ssp. deflexa,Oxytropis deflexa
Oxytropis deflexa var. deflexa,Oxytropis deflexa var. deflexa
Oxytropis deflexa var. sericea,Oxytropis deflexa var. sericea
Oxytropis lambertii,Oxytropis lambertii
Oxytropis monticola,Oxytropis monticola
Oxytropis multiceps,Oxytropis multiceps
Oxytropis parryi,Oxytropis parryi
Oxytropis podocarpa,Oxytropis podocarpa
Oxytropis sericea,Oxytropis sericea var. sericea
Oxytropis sericea var. sericea,Oxytropis sericea var. sericea
Oxytropis splendens,Oxytropis splendens
Oxytropis viscida,Oxytropis viscida
Packera cana,Packera cana
Packera crocata,Packera crocata
Packera debilis,Packera debilis
Packera dimorphophylla,Packera dimorphophylla
Packera fendleri,Packera fendleri
Packera mancosana,Packera mancosana
Packera multilobata,Packera multilobata
Packera neomexicana,Packera neomexicana var. mutabilis
Packera neomexicana var. mutabilis,Packera neomexicana var. mutabilis
Packera paupercula,Packera paupercula
Packera plattensis,Packera plattensis
Packera porteri,Packera porteri
Packera pseudaurea,Packera pseudaurea var. flavula
Packera pseudaurea ssp. flavula,Packera pseudaurea var. flavula
Packera pseudaurea var. flavula,Packera pseudaurea var. flavula
Packera streptanthifolia,Packera streptanthifolia
Packera tridenticulata,Packera thurberi 
Packera werneriifolia,Packera werneriifolia
Padus virginiana ssp. melanocarpa,Prunus virginiana var. melanocarpa
Palafoxia rosea,Palafoxia rosea
Palafoxia rosea var. macrolepis,Palafoxia rosea
Palafoxia sphacelata,Palafoxia sphacelata
Panicum capillare,Panicum capillare
Panicum dichotomiflorum,Panicum dichotomiflorum
Panicum dichotomiflorum var. dichotomiflorum,Panicum dichotomiflorum
Panicum hallii,Panicum hallii var. hallii
Panicum hallii var. hallii,Panicum hallii var. hallii
Panicum miliaceum,Panicum miliaceum
Panicum obtusum,Hopia obtusa
Panicum virgatum,Panicum virgatum
Papaver croceum,Papaver nudicaule ssp. americanum
Papaver dubium,Papaver dubium
Papaver kluanense,Papaver kluanensis
Papaver nudicaule ssp. americanum,Papaver nudicaule ssp. americanum
Papaver orientale,Papaver orientale
Papaver radicatum ssp. kluanense,Papaver kluanensis
Papaver rhoeas,Papaver rhoeas
Papaver somniferum,Papaver somniferum
Pappostipa speciosa,Pappostipa speciosa
Parietaria pensylvanica,Parietaria pensylvanica
Parnassia fimbriata,Parnassia fimbriata
Parnassia kotzebuei,Parnassia kotzebuei
Parnassia palustris var. montanensis,Parnassia parviflora
Parnassia parviflora,Parnassia parviflora
Paronychia depressa,Paronychia depressa
Paronychia jamesii,Paronychia jamesii
Paronychia pulvinata,Paronychia pulvinata
Paronychia sessiliflora,Paronychia sessiliflora
Parryella filifolia,Parryella filifolia
Parthenium alpinum,Parthenium alpinum
Parthenium alpinum var. alpinum,Parthenium alpinum
Parthenium alpinum var. tetraneuris,Parthenium tetraneuris
Parthenium ligulatum,Parthenium ligulatum
Parthenocissus quinquefolia,Parthenocissus quinquefolia
Parthenocissus vitacea,Parthenocissus vitacea
Pascopyrum smithii,Pascopyrum smithii
Paspalum dilatatum,Paspalum dilatatum
Paspalum pubiflorum,Paspalum pubiflorum
Paspalum pubiflorum var. glabrum,Paspalum pubiflorum
Paspalum racemosum,Paspalum racemosum
Paspalum setaceum,Paspalum setaceum
Paspalum setaceum var. stramineum,Paspalum setaceum
Pastinaca sativa,Pastinaca sativa
Paxistima myrsinites,Paxistima myrsinites
Pectis angustifolia,Pectis angustifolia var. angustifolia
Pectis angustifolia var. angustifolia,Pectis angustifolia var. angustifolia
Pedicularis bracteosa ssp. paysoniana,Pedicularis bracteosa var. paysoniana
Pedicularis bracteosa var. paysoniana,Pedicularis bracteosa var. paysoniana
Pedicularis canadensis ssp. fluviatilis,Pedicularis canadensis
Pedicularis centranthera,Pedicularis centranthera
Pedicularis crenulata,Pedicularis crenulata
Pedicularis groenlandica,Pedicularis groenlandica
Pedicularis parryi,Pedicularis parryi
Pedicularis procera,Pedicularis procera
Pedicularis racemosa ssp. alba,Pedicularis racemosa ssp. alba
Pedicularis scopulorum,Pedicularis scopulorum 
Pedicularis sudetica ssp. scopulorum,Pedicularis scopulorum 
Pediocactus knowltonii,Pediocactus knowltonii
Pediocactus simpsonii,Pediocactus simpsonii
Pediomelum argophyllum,Pediomelum argophyllum
Pediomelum aromaticum,Pediomelum aromaticum
Pediomelum cuspidatum,Pediomelum cuspidatum
Pediomelum digitatum,Pediomelum digitatum
Pediomelum esculentum,Pediomelum esculentum
Pediomelum hypogaeum,Pediomelum hypogaeum
Pediomelum linearifolium,Pediomelum linearifolium
Pediomelum megalanthum,Pediomelum megalanthum
Peganum harmala,Peganum harmala
Pellaea atropurpurea,Pellaea atropurpurea
Pellaea breweri,Pellaea breweri
Pellaea gastonyi,Pellaea gastonyi
Pellaea glabella,Pellaea glabella
Pellaea glabella ssp. occidentalis,Pellaea glabella ssp. occidentalis
Pellaea glabella ssp. simplex,Pellaea glabella ssp. simplex
Pellaea truncata,Pellaea truncata
Pellaea wrightiana,Pellaea wrightiana
Pennellia longifolia,Pennellia longifolia
Pennellia micrantha,Pennellia micrantha
Pennisetum glaucum,Pennisetum glaucum
Penstemon acaulis var. yampaënsis,Penstemon yampaensis
Penstemon albidus,Penstemon albidus
Penstemon ambiguus,Penstemon ambiguus
Penstemon angustifolius,Penstemon angustifolius
Penstemon angustifolius ssp. angustifolius,Penstemon angustifolius var. angustifolius
Penstemon angustifolius ssp. caudatus,Penstemon angustifolius var. caudatus
Penstemon angustifolius var. angustifolius,Penstemon angustifolius var. angustifolius
Penstemon angustifolius var. caudatus,Penstemon angustifolius var. caudatus
Penstemon arenicola,Penstemon arenicola
Penstemon auriberbis,Penstemon auriberbis
Penstemon barbatus,Penstemon barbatus
Penstemon barbatus ssp. torreyi,Penstemon barbatus ssp. torreyi
Penstemon barbatus ssp. trichander,Penstemon barbatus ssp. trichander
Penstemon brandegeei,Penstemon glaber var. brandegeei
Penstemon brandegei,Penstemon glaber var. brandegeei
Penstemon breviculus,Penstemon breviculus
Penstemon buckleyi,Penstemon buckleyi
Penstemon caespitosus,Penstemon caespitosus
Penstemon cobaea,Penstemon cobaea
Penstemon comarrhenus,Penstemon comarrhenus
Penstemon confertus ssp. procerus,Penstemon procerus var. procerus
Penstemon crandallii,Penstemon crandallii
Penstemon crandallii ssp. crandallii,Penstemon crandallii ssp. crandallii
Penstemon crandallii ssp. glabrescens,Penstemon crandallii var. glabrescens
Penstemon crandallii ssp. procumbens,Penstemon crandallii var. procumbens
Penstemon cyanocaulis,Penstemon cyanocaulis
Penstemon cyathophorus,Penstemon cyathophorus
Penstemon debilis,Penstemon debilis
Penstemon degeneri,Penstemon degeneri
Penstemon eatonii,Penstemon eatonii
Penstemon eatonii ssp. eatonii,Penstemon eatonii ssp. eatonii
Penstemon eatonii ssp. undosus,Penstemon eatonii ssp. undosus
Penstemon eatonii var. undosus,Penstemon eatonii ssp. undosus
Penstemon eriantherus,Penstemon eriantherus var. eriantherus
Penstemon fendleri,Penstemon fendleri
Penstemon fremontii,Penstemon fremontii
Penstemon fremontii var. glabrescens,Penstemon luculentus
Penstemon gibbensii,Penstemon gibbensii
Penstemon glaber,Penstemon glaber
Penstemon glaber var. alpinus,Penstemon glaber var. alpinus
Penstemon glaber var. brandegeei,Penstemon glaber var. brandegeei
Penstemon gracilis,Penstemon gracilis
Penstemon grahamii,Penstemon grahamii
Penstemon grandiflorus,Penstemon grandiflorus
Penstemon griffinii,Penstemon griffinii
Penstemon hallii,Penstemon hallii
Penstemon harbourii,Penstemon harbourii
Penstemon harringtonii,Penstemon harringtonii
Penstemon humilis,Penstemon humilis ssp. humilis
Penstemon humilis ssp. humilis,Penstemon humilis ssp. humilis
Penstemon jamesii,Penstemon jamesii
Penstemon laricifolius ssp. exilifolius,Penstemon laricifolius ssp. exilifolius
Penstemon lentus,Penstemon lentus var. lentus
Penstemon lentus var. lentus,Penstemon lentus var. lentus
Penstemon linarioides,Penstemon linarioides ssp. coloradoensis
Penstemon linarioides ssp. coloradoensis,Penstemon linarioides ssp. coloradoensis
Penstemon mensarum,Penstemon mensarum
Penstemon moffatii,Penstemon moffatii
Penstemon ophianthus,Penstemon ophianthus
Penstemon osterhoutii,Penstemon osterhoutii
Penstemon pachyphyllus,Penstemon mucronatus
Penstemon pachyphyllus var. mucronatus,Penstemon mucronatus
Penstemon palmeri,Penstemon palmeri
Penstemon penlandii,Penstemon penlandii
Penstemon procerus var. procerus,Penstemon procerus var. procerus
Penstemon radicosus,Penstemon radicosus
Penstemon retrorsus,Penstemon retrorsus
Penstemon rostriflorus,Penstemon rostriflorus
Penstemon rydbergii,Penstemon rydbergii
Penstemon saxosorum,Penstemon saxosorum
Penstemon scariosus,Penstemon scariosus var. cyanomontanus
Penstemon scariosus var. albifluvis,Penstemon albifluvis
Penstemon scariosus var. cyanomontanus,Penstemon scariosus var. cyanomontanus
Penstemon secundiflorus,Penstemon secundiflorus
Penstemon strictus,Penstemon strictus
Penstemon strictus ssp. strictiformis,Penstemon strictiformis
Penstemon strictus ssp. strictus,Penstemon strictus
Penstemon teucrioides,Penstemon teucrioides
Penstemon utahensis,Penstemon utahensis
Penstemon versicolor,Penstemon versicolor
Penstemon virens,Penstemon virens
Penstemon virgatus ssp. asa-grayi,Penstemon virgatus var. asa-grayi
Penstemon virgatus var. asa-grayi,Penstemon virgatus var. asa-grayi
Penstemon watsonii,Penstemon watsonii
Penstemon whippleanus,Penstemon whippleanus
Penstemon yampaensis,Penstemon yampaensis
Pentaphylloides floribunda,Dasiphora fruticosa
Peraphyllum ramosissimum,Peraphyllum ramosissimum
Pericome caudata,Pericome caudata
Perideridia gairdneri ssp. borealis,Perideridia gairdneri ssp. borealis
Peritoma lutea,Cleomella lutea 
Peritoma multicaulis,Cleomella multicaulis
Peritoma serrulata,Cleomella serrulata 
Persicaria amphibia,Persicaria amphibia
Persicaria bicornis,Persicaria bicornis
Persicaria hydropiper,Persicaria hydropiper
Persicaria lapathifolia,Persicaria lapathifolia
Persicaria maculata,Persicaria maculosa
Persicaria maculosa,Persicaria maculosa
Persicaria pensylvanica,Persicaria pensylvanica
Persicaria punctata,Persicaria punctata
Persicaria sagittata,Persicaria sagittata
Petasites frigidus var. sagittatus,Petasites frigidus var. sagittatus
Petasites sagittatus,Petasites frigidus var. sagittatus
Petradoria pumila,Petradoria pumila ssp. pumila
Petradoria pumila ssp. pumila,Petradoria pumila ssp. pumila
Petrophyton caespitosum,Petrophyton caespitosum
Petrophytum caespitosum,Petrophyton caespitosum
Phacelia alba,Phacelia alba
Phacelia bakeri,Phacelia bakeri
Phacelia constancei,Phacelia constancei
Phacelia crenulata,Phacelia corrugata
Phacelia crenulata var. corrugata,Phacelia corrugata
Phacelia demissa,Phacelia demissa var. demissa
Phacelia demissa var. demissa,Phacelia demissa var. demissa
Phacelia denticulata,Phacelia denticulata
Phacelia deserta,Phacelia deserta
Phacelia formosula,Phacelia formosula
Phacelia gina-glenneae,Phacelia gina-glenneae
Phacelia glandulosa,Phacelia glandulosa
Phacelia hastata,Phacelia hastata
Phacelia heterophylla,Phacelia heterophylla
Phacelia incana,Phacelia incana
Phacelia integrifolia,Phacelia integrifolia var. integrifolia
Phacelia integrifolia var. integrifolia,Phacelia integrifolia var. integrifolia
Phacelia ivesiana,Phacelia ivesiana
Phacelia scopulina,Phacelia scopulina
Phacelia scopulina var. scopulina,Phacelia scopulina
Phacelia scopulina var. submutica,Phacelia submutica
Phacelia sericea,Phacelia sericea
Phacelia sericea ssp. ciliosa,Phacelia sericea ssp. ciliosa
Phacelia sericea ssp. sericea,Phacelia sericea ssp. sericea
Phacelia splendens,Phacelia splendens
Phacelia submutica,Phacelia submutica
Phalaris arundinacea,Phalaris arundinacea
Phalaris canariensis,Phalaris canariensis
Phalaris caroliniana,Phalaris caroliniana
Phalaris minor,Phalaris minor
Phalaroides arundinacea,Phalaris arundinacea
Phegopteris connectilis,Phegopteris connectilis
Phemeranthus calycinus,Phemeranthus calycinus
Phemeranthus parviflorus,Phemeranthus confertiflorus 
Philadelphus microphyllus,Philadelphus microphyllus
Phippsia algida,Phippsia algida
Phleum alpinum,Phleum alpinum
Phleum commutatum,Phleum alpinum
Phleum pratense,Phleum pratense
Phlox andicola,Phlox andicola
Phlox austromontana,Phlox austromontana
Phlox bryoides,Phlox muscoides
Phlox caryophylla,Phlox caryophylla
Phlox condensata,Phlox condensata
Phlox hoodii,Phlox hoodii
Phlox hoodii ssp. canescens,Phlox hoodii
Phlox kelseyi,Phlox kelseyi
Phlox kelseyi ssp. salina,Phlox kelseyi
Phlox longifolia,Phlox longifolia
Phlox multiflora,Phlox multiflora
Phlox muscoides,Phlox muscoides
Phlox pulvinata,Phlox pulvinata
Phlox sibirica ssp. pulvinata,Phlox pulvinata
Phoradendron juniperinum,Phoradendron juniperinum
Phragmites australis,Phragmites australis
Phyla cuneifolia,Phyla cuneifolia
Phyla lanceolata,Phyla lanceolata
Physalis fendleri,Physalis fendleri 
Physalis foetens var. neomexicana,Physalis neomexicana 
Physalis hederifolia var. comata,Physalis hederifolia
Physalis hederifolia var. cordifolia,Physalis fendleri 
Physalis heterophylla,Physalis heterophylla
Physalis hispida,Physalis hispida
Physalis longifolia,Physalis longifolia
Physalis pumila ssp. hispida,Physalis hispida
Physalis subulata var. neomexicana,Physalis neomexicana 
Physalis virginiana,Physalis virginiana
Physaria acutifolia,Physaria acutifolia
Physaria alpina,Physaria alpina
Physaria arenosa,Physaria arenosa
Physaria arenosa ssp. argillosa,Physaria arenosa
Physaria bellii,Physaria bellii
Physaria brassicoides,Physaria brassicoides
Physaria calcicola,Physaria calcicola
Physaria congesta,Physaria congesta
Physaria fendleri,Physaria fendleri
Physaria floribunda,Physaria floribunda
Physaria ludoviciana,Physaria ludoviciana
Physaria montana,Physaria montana
Physaria obcordata,Physaria obcordata
Physaria osterhoutii,Physaria osterhoutii
Physaria ovalifolia,Physaria ovalifolia
Physaria parviflora,Physaria parviflora
Physaria parvula,Physaria parvula
Physaria pruinosa,Physaria pruinosa
Physaria pulvinata,Physaria pulvinata
Physaria rectipes,Physaria rectipes
Physaria reediana,Physaria reediana
Physaria rollinsii,Physaria rollinsii
Physaria scrotiformis,Physaria scrotiformis
Physaria subumbellata,Physaria subumbellata
Physaria vicina,Physaria vicina
Physaria vitulifera,Physaria vitulifera
Physocarpus alternans,Physocarpus alternans
Physocarpus monogynus,Physocarpus monogynus
Physocarpus opulifolius,Physocarpus intermedius
Picea engelmannii,Picea engelmannii var. engelmannii
Picea engelmannii var. engelmannii,Picea engelmannii var. engelmannii
Picea pungens,Picea pungens
Picradenia helenioides,Hymenoxys helenioides
Picradenia odorata,Hymenoxys odorata
Picradenia richardsonii,Hymenoxys richardsonii
Picradenia richardsonii  var. floribunda,Hymenoxys richardsonii var. floribunda
Picradeniopsis oppositifolia,Picradeniopsis oppositifolia
Picradeniopsis woodhousei,Picradeniopsis woodhousei
Picrothamnus desertorum,Artemisia spinescens
Pilosella aurantiaca,Hieracium aurantiacum
Pinus aristata,Pinus aristata
Pinus contorta ssp. latifolia,Pinus contorta var. latifolia
Pinus contorta var. latifolia,Pinus contorta var. latifolia
Pinus edulis,Pinus edulis
Pinus flexilis,Pinus flexilis
Pinus ponderosa ssp. scopulorum,Pinus ponderosa var. scopulorum
Pinus ponderosa var. scopulorum,Pinus ponderosa var. scopulorum
Pinus strobiformis,Pinus strobiformis
Piperia unalascensis,Platanthera unalascensis
Piptatherum exiguum,Piptatheropsis exigua
Piptatherum micranthum,Piptatheropsis micrantha
Piptatherum pungens,Piptatheropsis pungens
Pistia stratiotes,Pistia stratiotes
Plagiobothrys scouleri ssp. penicillata,Plagiobothrys scouleri var. hispidulus
Plagiobothrys scouleri var. hispidulus,Plagiobothrys scouleri var. hispidulus
Plantago elongata,Plantago elongata
Plantago eriopoda,Plantago eriopoda
Plantago lanceolata,Plantago lanceolata
Plantago major,Plantago major
Plantago patagonica,Plantago patagonica
Plantago tweedyi,Plantago tweedyi
Platanthera aquilonis,Platanthera aquilonis
Platanthera dilatata,Platanthera dilatata
Platanthera dilatata var. albiflora,Platanthera dilatata var. albiflora
Platanthera dilatata var. dilatata,Platanthera dilatata var. dilatata
Platanthera huronensis,Platanthera huronensis
Platanthera obtusata,Platanthera obtusata
Platanthera purpurascens,Platanthera purpurascens
Platanthera tescamnis,Platanthera tescamnis
Platanthera zothecina,Platanthera zothecina
Platyschkuhria integrifolia,Platyschkuhria integrifolia
Platyschkuhria integrifolia var. desertorum,Platyschkuhria integrifolia var. desertorum
Platyschkuhria integrifolia var. oblongifolia,Platyschkuhria integrifolia var. oblongifolia
Pneumonanthe affinis,Gentiana affinis
Pneumonanthe andrewsii,Gentiana andrewsii
Pneumonanthe bigelovii,Gentiana bigelovii
Pneumonanthe parryi,Gentiana parryi
Poa abbreviata ssp. pattersonii,Poa pattersonii
Poa agassizensis,Poa pratensis ssp. agassizensis
Poa alpina,Poa alpina
Poa annua,Poa annua
Poa arctica,Poa arctica
Poa arctica ssp. aperta,Poa arctica ssp. aperta
Poa arctica ssp. grayana,Poa arctica ssp. grayana
Poa arida,Poa arida
Poa bigelovii,Poa bigelovii
Poa bulbosa,Poa bulbosa
Poa compressa,Poa compressa
Poa cusickii,Poa cusickii
Poa cusickii ssp. epilis,Poa cusickii ssp. epilis
Poa cusickii ssp. pallida,Poa cusickii ssp. pallida
Poa fendleriana,Poa fendleriana
Poa fendleriana  ssp. longiligula,Poa fendleriana ssp. longiligula
Poa fendleriana ssp. fendleriana,Poa fendleriana ssp. fendleriana
Poa fendleriana ssp. longiligula,Poa fendleriana ssp. longiligula
Poa glauca,Poa glauca
Poa glauca ssp. glauca,Poa glauca ssp. glauca
Poa glauca ssp. rupicola,Poa glauca ssp. rupicola
Poa interior,Poa interior
Poa juncifolia,Poa secunda ssp. juncifolia
Poa leptocoma,Poa leptocoma
Poa lettermanii,Poa lettermanii
Poa macroclada,Poa stenantha var. stenantha
Poa nemoralis ssp. interior,Poa interior
Poa nervosa,Poa wheeleri
Poa occidentalis,Poa occidentalis
Poa palustris,Poa palustris
Poa pratensis,Poa pratensis
Poa reflexa,Poa reflexa
Poa secunda,Poa secunda
Poa secunda ssp. juncifolia,Poa secunda ssp. juncifolia
Poa secunda ssp. secunda,Poa secunda ssp. secunda
Poa stenantha,Poa stenantha var. stenantha
Poa stenantha var. stenantha,Poa stenantha var. stenantha
Poa tracyi,Poa tracyi
Poa trivialis,Poa trivialis
Poa wheeleri,Poa wheeleri
Pocilla biloba,Veronica biloba
Pocilla polita,Veronica polita
Podagrostis humilis,Podagrostis humilis
Podistera eastwoodiae,Podistera eastwoodiae
Podospermum laciniatum,Scorzonera laciniata
Poinsettia dentata,Euphorbia davidii
Polanisia dodecandra,Cleome trachysperma 
Polanisia dodecandra ssp. trachysperma,Cleome trachysperma 
Polanisia jamesii,Cleome jamesii 
Polemonium brandegeei,Polemonium brandegeei
Polemonium brandegei,Polemonium brandegeei
Polemonium caeruleum ssp. amygdalinum,Polemonium occidentale
Polemonium confertum,Polemonium confertum
Polemonium foliosissimum,Polemonium foliosissimum
Polemonium occidentale ssp. occidentale,Polemonium occidentale
Polemonium pulcherrimum ssp. delicatum,Polemonium pulcherrimum ssp. delicatum
Polemonium viscosum,Polemonium viscosum
Poliomintha incana,Poliomintha incana
Polygala alba,Polygala alba
Polygala subspinosa,Rhinotropis subspinosa
Polygonum achoreum,Polygonum achoreum
Polygonum argyrocoleon,Polygonum argyrocoleon
Polygonum aviculare,Polygonum aviculare
Polygonum aviculare var. aviculare,Polygonum aviculare
Polygonum douglasii,Polygonum douglasii
Polygonum engelmannii,Polygonum engelmannii
Polygonum erectum,Polygonum achoreum
Polygonum erectum ssp. achoreum,Polygonum achoreum
Polygonum kelloggii,Polygonum polygaloides
Polygonum kelloggii ssp. confertiflorum,Polygonum polygaloides ssp. confertiflorum
Polygonum kelloggii ssp. kelloggii,Polygonum polygaloides ssp. kelloggii
Polygonum minimum,Polygonum minimum
Polygonum polygaloides,Polygonum polygaloides ssp. kelloggii
Polygonum polygaloides ssp. kelloggii,Polygonum polygaloides ssp. kelloggii
Polygonum ramosissimum,Polygonum ramosissimum
Polygonum sawatchense ssp. sawatchense,Polygonum sawatchense ssp. sawatchense
Polypodium hesperium,Polypodium hesperium
Polypodium saximontanum,Polypodium saximontanum
Polypogon interruptus,Polypogon interruptus
Polypogon monspeliensis,Polypogon monspeliensis
Polypogon viridis,Polypogon viridis
Polystichum lonchitis,Polystichum lonchitis
Polystichum scopulinum,Polystichum scopulinum
Pomaria  jamesii,Pomaria jamesii
Pomaria jamesii,Pomaria jamesii
Populus ×acuminata,Populus x acuminata
Populus acuminata,Populus x acuminata
Populus alba,Populus alba
Populus angustifolia,Populus angustifolia
Populus balsamifera,Populus balsamifera
Populus deltoides,Populus deltoides
Populus deltoides ssp. monilifera,Populus deltoides ssp. monilifera
Populus deltoides ssp. wislizeni,Populus deltoides ssp. wislizeni
Populus deltoides ssp. wislizenii,Populus deltoides ssp. wislizeni
Populus tremuloides,Populus tremuloides
Populus x acuminata,Populus x acuminata
Portulaca halimoides,Portulaca halimoides
Portulaca oleracea,Portulaca oleracea
Potamogeton alpinus,Potamogeton alpinus
Potamogeton amplifolius,Potamogeton amplifolius
Potamogeton crispus,Potamogeton crispus
Potamogeton diversifolius,Potamogeton diversifolius
Potamogeton epihydrus,Potamogeton epihydrus
Potamogeton epihydrus var. nuttallii,Potamogeton epihydrus
Potamogeton filiformis,Stuckenia filiformis
Potamogeton foliosus,Potamogeton foliosus
Potamogeton gramineus,Potamogeton gramineus
Potamogeton illinoensis,Potamogeton illinoensis
Potamogeton natans,Potamogeton natans
Potamogeton nodosus,Potamogeton nodosus
Potamogeton pectinatus,Stuckenia pectinata
Potamogeton perfoliatus,Potamogeton perfoliatus
Potamogeton perfoliatus ssp. richardsonii,Potamogeton richardsonii
Potamogeton praelongus,Potamogeton praelongus
Potamogeton pusillus,Potamogeton pusillus
Potamogeton richardsonii,Potamogeton richardsonii
Potamogeton robbinsii,Potamogeton robbinsii
Potamogeton vaginatus,Stuckenia vaginata
Potentilla ambigens,Potentilla ambigens
Potentilla anglica,Potentilla anglica
Potentilla anserina,Argentina anserina
Potentilla argentea,Potentilla argentea
Potentilla arguta,Drymocallis arguta
Potentilla bicrenata,Potentilla bicrenata
Potentilla biennis,Potentilla biennis
Potentilla bipinnatifida,Potentilla bipinnatifida
Potentilla concinna,Potentilla concinna
Potentilla concinna var. bicrenata,Potentilla bicrenata
Potentilla crinita,Potentilla crinita
Potentilla diversifolia,Potentilla glaucophylla var. glaucophylla
Potentilla effusa,Potentilla hippiana var. effusa
Potentilla fissa,Drymocallis fissa
Potentilla fruticosa,Dasiphora fruticosa
Potentilla glandulosa,Drymocallis glandulosa
Potentilla glaucophylla var. glaucophylla,Potentilla glaucophylla var. glaucophylla
Potentilla gracilis,Potentilla gracilis
Potentilla gracilis var. elmeri,Potentilla gracilis var. elmeri
Potentilla gracilis var. fastigiata,Potentilla gracilis var. fastigiata
Potentilla hippiana,Potentilla hippiana
Potentilla hippiana var. effusa,Potentilla hippiana var. effusa
Potentilla hippiana var. hippiana,Potentilla hippiana var. hippiana
Potentilla hookeriana,Potentilla hookeriana
Potentilla nivea,Potentilla nivea
Potentilla norvegica,Potentilla norvegica
Potentilla ovina,Potentilla ovina
Potentilla ovina var. decurrens,Potentilla ovina var. decurrens
Potentilla ovina var. ovina,Potentilla ovina var. ovina
Potentilla palustris,Comarum palustre
Potentilla pensylvanica,Potentilla pensylvanica
Potentilla plattensis,Potentilla plattensis
Potentilla pulcherrima,Potentilla pulcherrima
Potentilla recta,Potentilla recta
Potentilla reptans,Potentilla reptans
Potentilla rivalis,Potentilla rivalis
Potentilla rubricaulis,Potentilla saximontana
Potentilla rupincola,Potentilla rupincola
Potentilla saximontana,Potentilla saximontana
Potentilla subjuga,Potentilla subjuga
Potentilla subviscosa,Potentilla subviscosa
Potentilla supina ssp. paradoxa,Potentilla supina ssp. paradoxa
Potentilla uniflora,Potentilla subgorodkovii
Prenanthella exigua,Prenanthella exigua
Prenanthes racemosa,Prenanthes racemosa
Primula angustifolia,Primula angustifolia
Primula egaliksensis,Primula egaliksensis
Primula incana,Primula incana
Primula parryi,Primula parryi
Prionopsis ciliata,Grindelia ciliata
Proatriplex pleiantha,Proatriplex pleiantha
Proboscidea louisianica,Proboscidea louisianica
Prosartes trachycarpa,Prosartes trachycarpa
Prosopis glandulosa,Prosopis glandulosa
Prunella vulgaris,Prunella vulgaris
Prunus americana,Prunus americana
Prunus angustifolia,Prunus angustifolia
Prunus armeniaca,Prunus armeniaca
Prunus cerasifera,Prunus cerasifera
Prunus domestica,Prunus domestica
Prunus gracilis,Prunus gracilis
Prunus padus,Prunus padus
Prunus pensylvanica,Prunus pensylvanica
Prunus persica,Prunus persica
Prunus pumila var. besseyi,Prunus pumila var. besseyi
Prunus rivularis,Prunus rivularis
Prunus virginiana var. melanocarpa,Prunus virginiana var. melanocarpa
Psathyrostachys juncea,Psathyrostachys juncea
Pseudocymopterus montanus,Pseudocymopterus montanus
Pseudognaphalium canescens,Pseudognaphalium canescens
Pseudognaphalium macounii,Pseudognaphalium macounii
Pseudognaphalium stramineum,Pseudognaphalium stramineum
Pseudognaphalium viscosum,Pseudognaphalium macounii
Pseudoroegneria spicata,Pseudoroegneria spicata
Pseudoroegneria spicata ssp. spicata,Pseudoroegneria spicata
Pseudostellaria jamesiana,Pseudostellaria jamesiana
Pseudotsuga menziesii,Pseudotsuga menziesii var. glauca
Pseudotsuga menziesii var. glauca,Pseudotsuga menziesii var. glauca
Psilochenia acuminata,Crepis acuminata
Psilochenia atribarba,Crepis atribarba
Psilochenia intermedia,Crepis intermedia
Psilochenia modocensis,Crepis modocensis ssp. modocensis
Psilochenia occidentalis,Crepis occidentalis
Psilochenia runcinata,Crepis runcinata
Psilostrophe bakeri,Psilostrophe bakeri
Psoralidium argophyllum,Pediomelum argophyllum
Psoralidium digitatum,Pediomelum digitatum
Psoralidium lanceolatum,Ladeania lanceolata
Psoralidium linearifolium,Pediomelum linearifolium
Psoralidium tenuiflorum,Pediomelum tenuiflorum
Psorothamnus thompsoniae var. whitingii,Psorothamnus thompsoniae
Psychrophila leptosepala,Caltha chionophila
Ptelea trifoliata,Ptelea trifoliata
Pteridium aquilinum,Pteridium pubescens
Pteridium aquilinum ssp. lanuginosum,Pteridium pubescens 
Pteridium aquilinum var. pubescens,Pteridium pubescens 
Pterogonum alatum,Eriogonum alatum
Pterospora andromedea,Pterospora andromedea
Ptilagrostis porteri,Ptilagrostis porteri
Puccinellia airoides,Puccinellia nuttalliana
Puccinellia distans,Puccinellia distans
Puccinellia nuttalliana,Puccinellia nuttalliana
Puccinellia parishii,Puccinellia parishii
Pulsatilla ludoviciana,Pulsatilla nuttalliana
Pulsatilla patens ssp. multifida,Pulsatilla nuttalliana
Purshia stansburiana,Purshia stansburiana
Purshia tridentata,Purshia tridentata
Pyrola asarifolia,Pyrola asarifolia
Pyrola chlorantha,Pyrola chlorantha
Pyrola minor,Pyrola minor
Pyrola picta,Pyrola picta
Pyrola rotundifolia ssp. asarifolia,Pyrola asarifolia
Pyrrocoma clementis,Pyrrocoma clementis var. clementis
Pyrrocoma clementis var. clementis,Pyrrocoma clementis var. clementis
Pyrrocoma crocea,Pyrrocoma crocea var. crocea
Pyrrocoma crocea var. crocea,Pyrrocoma crocea var. crocea
Pyrrocoma lanceolata,Pyrrocoma lanceolata var. lanceolata
Pyrrocoma lanceolata var. lanceolata,Pyrrocoma lanceolata var. lanceolata
Pyrrocoma uniflora,Pyrrocoma uniflora var. uniflora
Pyrrocoma uniflora var. uniflora,Pyrrocoma uniflora var. uniflora
Quercus ajoensis,Quercus ajoensis
Quercus gambelii,Quercus gambelii
Quercus grisea,Quercus grisea
Quercus havardii,Quercus welshii
Quercus havardii var. tuckeri,Quercus welshii
Quercus turbinella,Quercus turbinella
Quincula lobata,Quincula lobata
Ranunculus abortivus,Ranunculus abortivus
Ranunculus abortivus ssp. acrolasius,Ranunculus abortivus
Ranunculus acriformis,Ranunculus acriformis
Ranunculus acris,Ranunculus acris
Ranunculus adoneus,Ranunculus adoneus
Ranunculus alismifolius var. montanus,Ranunculus alismifolius var. montanus
Ranunculus aquatilis var. diffusus,Ranunculus aquatilis var. diffusus
Ranunculus cardiophyllus,Ranunculus cardiophyllus
Ranunculus cymbalaria,Halerpestes cymbalaria
Ranunculus eschscholtzii,Ranunculus eschscholtzii var. eschscholtzii
Ranunculus eschscholtzii var. eschscholtzii,Ranunculus eschscholtzii var. eschscholtzii
Ranunculus flammula var. ovalis,Ranunculus flammula var. ovalis
Ranunculus gelidus,Ranunculus gelidus
Ranunculus glaberrimus var. ellipticus,Ranunculus glaberrimus var. ellipticus
Ranunculus gmelinii,Ranunculus gmelinii
Ranunculus gmelinii var. hookeri,Ranunculus gmelinii
Ranunculus hyperboreus,Ranunculus hyperboreus
Ranunculus hyperboreus ssp. intertextus,Ranunculus hyperboreus
Ranunculus inamoenus,Ranunculus inamoenus var. inamoenus
Ranunculus inamoenus var. inamoenus,Ranunculus inamoenus var. inamoenus
Ranunculus jovis,Ranunculus jovis
Ranunculus macauleyi,Ranunculus macauleyi
Ranunculus macounii,Ranunculus macounii
Ranunculus pedatifidus,Ranunculus pedatifidus var. affinis
Ranunculus pedatifidus var. affinis,Ranunculus pedatifidus var. affinis
Ranunculus pensylvanica,Ranunculus pensylvanicus
Ranunculus pensylvanicus,Ranunculus pensylvanicus
Ranunculus pygmaeus,Ranunculus pygmaeus
Ranunculus ranunculinus,Cyrtorhyncha ranunculina
Ranunculus repens,Ranunculus repens
Ranunculus reptans,Ranunculus flammula var. ovalis
Ranunculus reptans var. ovalis,Ranunculus flammula var. ovalis
Ranunculus sceleratus var. multifidus,Ranunculus sceleratus var. multifidus
Ranunculus testiculatus,Ranunculus testiculatus
Ranunculus uncinatus,Ranunculus uncinatus
Raphanus raphanistrum,Raphanus raphanistrum
Raphanus sativus,Raphanus sativus
Ratibida columnifera,Ratibida columnifera
Ratibida tagetes,Ratibida tagetes
Rayjacksonia annua,Rayjacksonia annua
Redfieldia flexuosa,Muhlenbergia multiflora 
Reseda lutea,Reseda lutea
Reseda luteola,Reseda luteola
Reverchonia arenaria,Phyllanthus warnockii
Reynoutria japonica,Fallopia japonica var. japonica
Rhamnus cathartica,Rhamnus cathartica
Rhamnus frangula,Frangula alnus
Rhamnus smithii,Rhamnus smithii
Rheum rhabarbarum,Rheum rhabarbarum
Rheum rhaponticum,Rheum rhabarbarum
Rhinanthus minor ssp. borealis,Rhinanthus minor ssp. minor
Rhinanthus minor ssp. minor,Rhinanthus minor ssp. minor
Rhodiola integrifolia,Rhodiola integrifolia
Rhodiola rhodantha,Rhodiola rhodantha
Rhododendron albiflorum,Rhododendron albiflorum
Rhus aromatica ssp. pilosissima,Rhus trilobata
Rhus aromatica ssp. trilobata,Rhus trilobata var. trilobata
Rhus glabra,Rhus glabra
Rhus trilobata,Rhus trilobata
Rhus trilobata var. pilosissima,Rhus trilobata var. pilosissima
Rhus trilobata var. simplicifolia,Rhus trilobata var. simplicifolia
Rhus trilobata var. trilobata,Rhus trilobata var. trilobata
Rhus typhina,Rhus typhina
Rhynchospora alba,Rhynchospora alba
Ribes americanum,Ribes americanum
Ribes aureum,Ribes aureum
Ribes aureum var. aureum,Ribes aureum var. aureum
Ribes aureum var. villosum,Ribes aureum var. villosum
Ribes cereum,Ribes cereum
Ribes coloradense,Ribes laxiflorum
Ribes inerme,Ribes inerme
Ribes lacustre,Ribes lacustre
Ribes laxiflorum,Ribes laxiflorum
Ribes leptanthum,Ribes leptanthum
Ribes montigenum,Ribes montigenum
Ribes niveum,Ribes niveum
Ribes odoratum,Ribes aureum var. villosum
Ribes rubrum,Ribes rubrum
Ribes viscosissimum,Ribes viscosissimum
Ribes wolfii,Ribes wolfii
Robinia hispida,Robinia hispida
Robinia neomexicana,Robinia neomexicana
Robinia pseudoacacia,Robinia pseudoacacia
Robinia pseudo-acacia,Robinia pseudoacacia
Rorippa alpina,Rorippa alpina
Rorippa curvipes,Rorippa curvipes
Rorippa palustris,Rorippa palustris
Rorippa sinuata,Rorippa sinuata
Rorippa sphaerocarpa,Rorippa sphaerocarpa
Rorippa sylvestris,Rorippa sylvestris
Rorippa tenerrima,Rorippa tenerrima
Rorippa teres,Rorippa curvipes var. truncata
Rosa acicularis ssp. sayi,Rosa acicularis ssp. sayi
Rosa ×harisonii,Rosa ×harisonii
Rosa arkansana,Rosa arkansana
Rosa canina,Rosa canina
Rosa eglanteria,Rosa eglanteria
Rosa rubiginosa,Rosa eglanteria
Rosa sayi,Rosa acicularis ssp. sayi
Rosa woodsii,Rosa woodsii
Rotala ramosior,Rotala ramosior
Rubacer parviflorum,Rubus parviflorus var. parviflorus
Rubus acaulis,Rubus arcticus
Rubus armeniacus,Rubus armeniacus
Rubus deliciosus,Rubus deliciosus
Rubus discolor,Rubus armeniacus
Rubus idaeus ssp. melanolasius,Rubus idaeus ssp. strigosus
Rubus idaeus var. strigosus,Rubus idaeus ssp. strigosus
Rubus laciniatus,Rubus laciniatus
Rubus neomexicanus,Rubus neomexicanus
Rubus occidentalis,Rubus occidentalis
Rubus parviflorus var. parviflorus,Rubus parviflorus var. parviflorus
Rubus pubescens var. pubescens,Rubus pubescens
Rudbeckia ampla,Rudbeckia laciniata var. ampla
Rudbeckia hirta,Rudbeckia hirta var. pulcherrima
Rudbeckia hirta var. pulcherrima,Rudbeckia hirta var. pulcherrima
Rudbeckia laciniata var. ampla,Rudbeckia laciniata var. ampla
Rudbeckia montana,Rudbeckia montana
Rudbeckia occidentalis var. montana,Rudbeckia montana
Rudbeckia triloba,Rudbeckia triloba var. triloba
Rudbeckia triloba var. triloba,Rudbeckia triloba var. triloba
Rumex acetosella,Rumex acetosella
Rumex altissimus,Rumex altissimus
Rumex aquaticus ssp. occidentalis,Rumex occidentalis
Rumex crispus,Rumex crispus
Rumex densiflorus,Rumex densiflorus
Rumex fueginus,Rumex fueginus
Rumex hymenosepalus,Rumex hymenosepalus
Rumex maritimus ssp. fueginus,Rumex fueginus
Rumex obtusifolius,Rumex obtusifolius
Rumex occidentalis,Rumex occidentalis
Rumex paucifolius,Rumex paucifolius
Rumex stenophyllus,Rumex stenophyllus
Rumex triangulivalvis,Rumex triangulivalvis
Rumex utahensis,Rumex utahensis
Rumex venosus,Rumex venosus
Ruppia cirrhosa,Ruppia cirrhosa
Ruppia cirrhosa ssp. occidentalis,Ruppia cirrhosa
Rydbergia brandegeei,Hymenoxys brandegei
Rydbergia brandegei,Hymenoxys brandegei
Rydbergia grandiflora,Hymenoxys grandiflora
Sabina monosperma,Juniperus monosperma
Sabina osteosperma,Juniperus osteosperma
Sabina scopulorum,Juniperus scopulorum
Sabina virginiana,Juniperus virginiana var. virginiana
Sagina caespitosa,Sagina caespitosa
Sagina procumbens,Sagina procumbens
Sagina saginoides,Sagina saginoides
Sagittaria brevirostra,Sagittaria brevirostra
Sagittaria calycina var. calycina,Sagittaria montevidensis ssp. calycina
Sagittaria cuneata,Sagittaria cuneata
Sagittaria graminea,Sagittaria graminea var. graminea
Sagittaria graminea var. graminea,Sagittaria graminea var. graminea
Sagittaria latifolia,Sagittaria latifolia
Sagittaria montevidensis ssp. calycina,Sagittaria montevidensis ssp. calycina
Salicornia europaea ssp. rubra,Salicornia rubra
Salicornia rubra,Salicornia rubra
Salix ×fragilis,Salix fragilis
Salix alba,Salix alba
Salix alba var. vitellina,Salix alba
Salix amygdaloides,Salix amygdaloides
Salix arctica,Salix petrophila
Salix arizonica,Salix arizonica
Salix babylonica,Salix babylonica
Salix bebbiana,Salix bebbiana
Salix boothii,Salix boothii
Salix brachycarpa,Salix brachycarpa var. brachycarpa
Salix brachycarpa var. brachycarpa,Salix brachycarpa var. brachycarpa
Salix calcicola,Salix calcicola
Salix calcicola var. glandulosior,Salix calcicola
Salix candida,Salix candida
Salix cascadensis,Salix cascadensis
Salix discolor,Salix discolor
Salix drummondiana,Salix drummondiana
Salix eriocephala,Salix eriocephala
Salix eriocephala var. famelica,Salix famelica
Salix eriocephala var. ligulifolia,Salix ligulifolia
Salix eriocephala var. watsonii,Salix lutea
Salix exigua,Salix exigua
Salix exigua ssp. exigua,Salix exigua
Salix exigua ssp. interior,Salix interior
Salix famelica,Salix famelica
Salix fragilis,Salix fragilis
Salix geyeriana,Salix geyeriana
Salix glauca,Salix glauca
Salix glauca var. villosa,Salix glauca
Salix gooddingii,Salix gooddingii
Salix gracilis,Salix petiolaris
Salix interior,Salix interior
Salix irrorata,Salix irrorata
Salix lasiandra,Salix lasiandra
Salix lasiandra ssp. caudata,Salix lasiandra var. caudata
Salix lasiandra ssp. lasiandra,Salix lasiandra var. lasiandra
Salix lasiandra var. caudata,Salix lasiandra var. caudata
Salix lasiandra var. lasiandra,Salix lasiandra var. lasiandra
Salix ligulifolia,Salix ligulifolia
Salix lucida,Salix lasiandra var. caudata
Salix lucida ssp. caudata,Salix lasiandra var. caudata
Salix lucida ssp. lasiandra,Salix lasiandra var. lasiandra
Salix lutea,Salix lutea
Salix matsudana,Salix matsudana
Salix melanopsis,Salix melanopsis
Salix monticola,Salix monticola
Salix myrtillifolia,Salix myrtillifolia
Salix nigra,Salix nigra
Salix nivalis,Salix nivalis
Salix petiolaris,Salix petiolaris
Salix petrophila,Salix petrophila
Salix planifolia,Salix planifolia
Salix purpurea,Salix purpurea
Salix reticulata var. nana,Salix nivalis
Salix scouleriana,Salix scouleriana
Salix serissima,Salix serissima
Salix wolfii,Salix wolfii var. wolfii
Salix wolfii var. wolfii,Salix wolfii var. wolfii
Salix x fragilis,Salix fragilis
Salsola australis,Salsola tragus
Salsola collina,Salsola collina
Salsola paulsenii,Salsola paulsenii
Salsola tragus,Salsola tragus
Salvia aethiopis,Salvia aethiopis
Salvia ×sylvestris,Salvia x sylvestris
Salvia azurea var. grandiflora,Salvia azurea var. grandiflora
Salvia nemorosa,Salvia x sylvestris
Salvia pratensis,Salvia pratensis
Salvia reflexa,Salvia reflexa
Salvia sclarea,Salvia sclarea
Sambucus caerulea,Sambucus cerulea
Sambucus canadensis,Sambucus canadensis
Sambucus coerulea,Sambucus cerulea
Sambucus microbotrys,Sambucus racemosa
Sambucus microbotrys var. melanocarpa,Sambucus racemosa var. melanocarpa
Sambucus racemosa,Sambucus racemosa
Sambucus racemosa var. melanocarpa,Sambucus racemosa var. melanocarpa
Sambucus racemosa var. microbotrys,Sambucus racemosa var. microbotrys
Sanguisorba minor,Sanguisorba minor
Sanicula marilandica,Sanicula marilandica
Sapindus drummondii,Sapindus drummondii
Sapindus saponaria  var. drummondii,Sapindus drummondii
Sapindus saponaria var. drummondii,Sapindus drummondii
Saponaria ocymoides,Saponaria ocymoides
Saponaria officinalis,Saponaria officinalis
Sarcobatus vermiculatus,Sarcobatus vermiculatus
Sarcostemma crispum,Funastrum crispum
Saussurea weberi,Saussurea weberi
Saxifraga adscendens,Saxifraga adscendens
Saxifraga bronchialis ssp. austromontana,Saxifraga bronchialis ssp. austromontana
Saxifraga cernua,Saxifraga cernua
Saxifraga cespitosa,Saxifraga cespitosa
Saxifraga chrysantha,Saxifraga chrysantha
Saxifraga flagellaris ssp. crandallii,Saxifraga flagellaris ssp. crandallii
Saxifraga hirculus,Saxifraga hirculus
Saxifraga hyperborea ssp. debilis,Saxifraga debilis
Saxifraga rivularis,Saxifraga debilis
Scabrethia scabra ssp. scabra,Scabrethia scabra
Sceptridium multifidum,Sceptridium multifidum
Schedonnardus paniculatus,Muhlenbergia paniculata
Schedonorus arundinacea,Lolium arundinaceum
Schedonorus arundinaceus,Lolium arundinaceum
Schedonorus pratensis,Lolium pratense
Schizachne purpurascens,Schizachne purpurascens
Schizachyrium scoparium,Schizachyrium scoparium var. scoparium
Schizachyrium scoparium var. scoparium,Schizachyrium scoparium var. scoparium
Schkuhria multiflora,Picradeniopsis multiflora
Schoenocrambe linearifolia,Hesperidanthus linearifolius
Schoenocrambe linifolia,Sisymbrium linifolium
Schoenoplectus acutus,Schoenoplectus acutus
Schoenoplectus americanus,Schoenoplectus americanus
Schoenoplectus lacustris ssp. acutus,Schoenoplectus acutus
Schoenoplectus lacustris ssp. creber,Schoenoplectus tabernaemontani
Schoenoplectus pungens,Schoenoplectus pungens
Schoenoplectus saximontanus,Schoenoplectiella saximontana
Schoenoplectus tabernaemontani,Schoenoplectus tabernaemontani
Schrankia occidentalis,Mimosa rupertiana
Schrankia uncinata,Mimosa nuttallii
Scirpus lineatus,Scirpus pendulus
Scirpus microcarpus,Scirpus microcarpus
Scirpus pallidus,Scirpus pallidus
Scirpus pendulus,Scirpus pendulus
Sclerocactus glaucus,Sclerocactus glaucus
Sclerocactus mesae-verdae,Sclerocactus mesae-verdae
Sclerocactus mesa-verdae,Sclerocactus mesae-verdae
Sclerocactus parviflorus,Sclerocactus parviflorus
Sclerochloa dura,Sclerochloa dura
Scleropogon brevifolius,Scleropogon brevifolius
Scorzonera laciniata,Scorzonera laciniata
Scrophularia lanceolata,Scrophularia lanceolata
Scutellaria brittonii,Scutellaria brittonii
Scutellaria epilobiifolia,Scutellaria galericulata
Scutellaria galericulata,Scutellaria galericulata
Scutellaria galericulata var. epilobiifolia,Scutellaria galericulata
Scutellaria lateriflora,Scutellaria lateriflora
Secale cereale,Secale cereale
Securigera varia,Securigera varia
Sedum acre,Sedum acre
Sedum lanceolatum,Sedum lanceolatum
Sedum spurium,Phedimus spurius
Selaginella densa,Selaginella densa
Selaginella mutica,Selaginella mutica var. mutica
Selaginella mutica var. mutica,Selaginella mutica var. mutica
Selaginella selaginoides,Selaginella selaginoides
Selaginella underwoodii,Selaginella underwoodii
Selaginella weatherbiana,Selaginella weatherbiana
Senecio amplectens,Senecio amplectens
Senecio amplectens var. amplectens,Senecio amplectens var. amplectens
Senecio amplectens var. holmii,Senecio amplectens var. holmii
Senecio atratus,Senecio atratus
Senecio bigelovii var. hallii,Senecio bigelovii var. hallii
Senecio crassulus,Senecio crassulus
Senecio eremophilus ssp. kingii,Senecio eremophilus var. kingii
Senecio eremophilus var. kingii,Senecio eremophilus var. kingii
Senecio flaccidus ssp. douglasii,Senecio flaccidus var. flaccidus
Senecio flaccidus var. douglasii,Senecio flaccidus var. flaccidus
Senecio flaccidus var. flaccidus,Senecio flaccidus var. flaccidus
Senecio fremontii ssp. blitoides,Senecio fremontii var. blitoides
Senecio fremontii var. blitoides,Senecio fremontii var. blitoides
Senecio fremontii var. inexpectatus,Senecio fremontii var. inexpectatus
Senecio hydrophilus,Senecio hydrophilus
Senecio integerrimus,Senecio integerrimus
Senecio multicapitatus,Senecio multicapitatus
Senecio pudicus,Senecio pudicus
Senecio rapifolius,Senecio rapifolius
Senecio riddellii,Senecio riddellii
Senecio serra var. admirabilis,Senecio serra var. admirabilis
Senecio soldanella,Senecio soldanella
Senecio spartioides,Senecio spartioides
Senecio taraxacoides,Senecio taraxacoides
Senecio triangularis,Senecio triangularis
Senecio vulgaris,Senecio vulgaris
Senecio wootonii,Senecio wootonii
Seriphidium arbusculum,Artemisia arbuscula
Seriphidium arbusculum ssp. longilobum,Artemisia arbuscula ssp. longiloba
Seriphidium canum,Artemisia cana
Seriphidium novum,Artemisia nova
Seriphidium pygmaeum,Artemisia pygmaea
Seriphidium tridentatum,Artemisia tridentata
Seriphidium tripartitum,Artemisia tripartita ssp. tripartita
Seriphidium vaseyanum,Artemisia tridentata ssp. vaseyana
Sesuvium verrucosum,Sesuvium verrucosum
Setaria faberi,Setaria italica
Setaria glauca,Pennisetum glaucum
Setaria italica,Setaria italica
Setaria leucopila,Setaria leucopila
Setaria pumila,Pennisetum glaucum
Setaria pumila ssp. pumila,Setaria pumila
Setaria verticillata,Setaria verticillata
Setaria viridis,Setaria viridis var. viridis
Setaria viridis var. viridis,Setaria viridis var. viridis
Shepherdia argentea,Shepherdia argentea
Shepherdia canadensis,Shepherdia canadensis
Shinnersoseris rostrata,Shinnersoseris rostrata
Sibbaldia procumbens,Sibbaldia procumbens
Sidalcea candida,Sidalcea candida
Sidalcea neomexicana,Sidalcea neomexicana
Silene acaulis,Silene acaulis
Silene acaulis ssp. subacaulescens,Silene acaulis
Silene antirrhina,Silene antirrhina
Silene csereii,Silene csereii
Silene dichotoma,Silene dichotoma ssp. dichotoma
Silene dichotoma ssp. dichotoma,Silene dichotoma ssp. dichotoma
Silene drummondii,Silene drummondii
Silene drummondii var. drummondii,Silene drummondii var. drummondii
Silene drummondii var. striata,Silene drummondii var. striata
Silene hitchguirei,Silene hitchguirei
Silene kingii,Silene kingii
Silene latifolia,Silene latifolia
Silene menziesii,Silene menziesii
Silene noctiflora,Silene noctiflora
Silene scouleri,Silene scouleri
Silene scouleri ssp. hallii,Silene scouleri
Silene uralensis ssp. uralensis,Silene uralensis ssp. uralensis
Silene vulgaris,Silene vulgaris
Silphium integrifolium,Silphium integrifolium var. laeve
Silphium integrifolium var. laeve,Silphium integrifolium var. laeve
Silphium laciniatum,Silphium laciniatum
Sinapis alba,Sinapis alba
Sinapis arvensis,Sinapis arvensis
Sisymbrium altissimum,Sisymbrium altissimum
Sisymbrium linifolium,Sisymbrium linifolium
Sisymbrium loeselii,Sisymbrium loeselii
Sisymbrium officinale,Sisymbrium officinale
Sisyrinchium angustifolium,Sisyrinchium angustifolium
Sisyrinchium demissum,Sisyrinchium demissum
Sisyrinchium idahoense var. occidentale,Sisyrinchium idahoense var. occidentale
Sisyrinchium montanum,Sisyrinchium montanum var. montanum
Sisyrinchium montanum var. montanum,Sisyrinchium montanum var. montanum
Sisyrinchium pallidum,Sisyrinchium pallidum
Sium suave,Sium suave
Smelowskia americana,Smelowskia americana
Smelowskia calycina,Smelowskia americana
Smilax lasioneura,Smilax lasioneura
Smilax lasioneuron,Smilax lasioneura
Solanum americanum,Solanum americanum
Solanum carolinense,Solanum carolinense
Solanum dulcamara,Solanum dulcamara
Solanum elaeagnifolium,Solanum elaeagnifolium
Solanum heterodoxum,Solanum heterodoxum
Solanum jamesii,Solanum jamesii
Solanum nigrum,Solanum americanum
Solanum physalifolium,Solanum styleanum 
Solanum physalifolium var. nitidibaccatum,Solanum styleanum 
Solanum rostratum,Solanum rostratum
Solanum triflorum,Solanum triflorum
Solidago altissima ssp. gilvocanescens,Solidago altissima
Solidago canadensis,Solidago altissima
Solidago gigantea,Solidago gigantea
Solidago missouriensis,Solidago missouriensis
Solidago mollis,Solidago mollis
Solidago multiradiata,Solidago multiradiata
Solidago multiradiata var. scopulorum,Solidago multiradiata
Solidago nana,Solidago nana
Solidago nemoralis,Solidago nemoralis ssp. decemflora
Solidago nemoralis var. decemflora,Solidago nemoralis ssp. decemflora
Solidago ptarmicoides,Solidago ptarmicoides
Solidago rigida var. humilis,Solidago rigida ssp. humilis
Solidago simplex,Solidago simplex var. simplex
Solidago simplex var. simplex,Solidago simplex var. simplex
Solidago speciosa var. pallida,Solidago speciosa var. pallida
Solidago velutina,Solidago velutina ssp. sparsiflora
Solidago velutina ssp. sparsiflora,Solidago velutina ssp. sparsiflora
Solidago wrightii,Solidago wrightii
Solidago wrightii var. adenophora,Solidago wrightii
Sonchus arvensis,Sonchus arvensis
Sonchus asper,Sonchus asper
Sonchus oleraceus,Sonchus oleraceus
Sonchus uliginosus,Sonchus uliginosus
Sophora nuttalliana,Sophora nuttalliana
Sorbus aucuparia,Sorbus aucuparia
Sorbus scopulina,Sorbus scopulina var. scopulina
Sorbus scopulina var. scopulina,Sorbus scopulina var. scopulina
Sorghastrum avenaceum,Sorghastrum nutans
Sorghastrum nutans,Sorghastrum nutans
Sorghum bicolor,Sorghum bicolor
Sorghum halepense,Sorghum halepense
Sorghum vulgare,Sorghum bicolor
Sparganium angustifolium,Sparganium angustifolium
Sparganium emersum,Sparganium emersum
Sparganium eurycarpum,Sparganium eurycarpum
Sparganium minimum,Sparganium natans
Sparganium natans,Sparganium natans
Spartina gracilis,Spartina gracilis
Spartina pectinata,Spartina pectinata
Spathulata spuria,Phedimus spurius
Spatularia foliolosa,Micranthes foliolosa
Spergula arvensis,Spergula arvensis
Spergularia marina,Spergularia salina
Spergularia media,Spergularia media
Spergularia rubra,Spergularia rubra
Spergularia salina,Spergularia salina
Spergulastrum lanuginosum ssp. saxosum,Arenaria lanuginosa var. saxosa
Sphaeralcea angustifolia,Sphaeralcea angustifolia
Sphaeralcea angustifolia var. cuspidata,Sphaeralcea angustifolia
Sphaeralcea coccinea,Sphaeralcea coccinea
Sphaeralcea fendleri,Sphaeralcea fendleri
Sphaeralcea leptophylla,Sphaeralcea leptophylla
Sphaeralcea munroana,Sphaeralcea munroana
Sphaeralcea parvifolia,Sphaeralcea parvifolia
Sphaeromeria argentea,Artemisia nuttallii
Sphaeromeria capitata,Artemisia capitata
Sphaerophysa salsula,Sphaerophysa salsula
Sphenopholis intermedia,Sphenopholis intermedia
Sphenopholis obtusata,Sphenopholis obtusata
Spiranthes diluvialis,Spiranthes diluvialis
Spiranthes romanzoffiana,Spiranthes romanzoffiana
Spirodela polyrhiza,Spirodela polyrrhiza
Spirodela polyrrhiza,Spirodela polyrrhiza
Sporobolus airoides,Sporobolus airoides
Sporobolus asper,Sporobolus compositus
Sporobolus compositus,Sporobolus compositus
Sporobolus contractus,Sporobolus contractus
Sporobolus cryptandrus,Sporobolus cryptandrus
Sporobolus flexuosus,Sporobolus flexuosus
Sporobolus giganteus,Sporobolus giganteus
Sporobolus heterolepis,Sporobolus heterolepis
Sporobolus nealleyi,Sporobolus nealleyi
Sporobolus neglectus,Sporobolus neglectus
Sporobolus pyramidatus,Sporobolus pyramidatus
Sporobolus texanus,Sporobolus texanus
Sporobolus vaginiflorus,Sporobolus vaginiflorus
Sporobolus vaginiflorus var. neglectus,Sporobolus vaginiflorus
Stachys palustris ssp. pilosa,Stachys pilosa
Stachys palustris var. pilosa,Stachys pilosa
Stanleya albescens,Stanleya albescens
Stanleya pinnata,Stanleya pinnata
Stanleya pinnata var. integrifolia,Stanleya pinnata var. integrifolia
Stanleya pinnata var. pinnata,Stanleya pinnata var. pinnata
Stanleya viridiflora,Stanleya viridiflora
Stellaria borealis,Stellaria borealis ssp. borealis
Stellaria borealis ssp. borealis,Stellaria borealis ssp. borealis
Stellaria calycantha,Stellaria calycantha
Stellaria crassifolia,Stellaria crassifolia
Stellaria graminea,Stellaria graminea
Stellaria irrigua,Stellaria irrigua
Stellaria longifolia,Stellaria longifolia
Stellaria longipes,Stellaria longipes ssp. longipes
Stellaria media,Stellaria media
Stellaria obtusa,Stellaria obtusa
Stellaria pallida,Stellaria pallida
Stellaria umbellata,Stellaria irrigua
Stenactis strigosa,Erigeron strigosus var. strigosus
Stenogonum flexum,Stenogonum flexum
Stenogonum salsuginosum,Stenogonum salsuginosum
Stenosiphon linifolius,Oenothera glaucifolia
Stenotus acaulis,Stenotus acaulis
Stenotus armerioides,Stenotus armerioides var. armerioides
Stenotus armerioides var. armerioides,Stenotus armerioides var. armerioides
Stephanomeria exigua,Stephanomeria exigua ssp. exigua
Stephanomeria exigua ssp. exigua,Stephanomeria exigua ssp. exigua
Stephanomeria pauciflora,Stephanomeria pauciflora
Stephanomeria runcinata,Stephanomeria runcinata
Stephanomeria tenuifolia,Stephanomeria tenuifolia
Stillingia sylvatica,Stillingia sylvatica
Streptanthella longirostris,Streptanthella longirostris
Streptanthus cordatus,Streptanthus cordatus var. cordatus
Streptanthus cordatus var. cordatus,Streptanthus cordatus var. cordatus
Streptopus amplexifolius,Streptopus amplexifolius
Streptopus fassettii,Streptopus amplexifolius
Strigosella africana,Strigosella africana
Strophostyles leiosperma,Strophostyles leiosperma
Stuckenia filiformis,Stuckenia filiformis
Stuckenia filiformis ssp. alpina,Stuckenia filiformis
Stuckenia pectinata,Stuckenia pectinata
Stuckenia vaginata,Stuckenia vaginata
Suaeda calceoliformis,Suaeda calceoliformis
Suaeda nigra,Suaeda nigra
Subularia aquatica,Subularia aquatica var. americana
Subularia aquatica var. americana,Subularia aquatica var. americana
Suckleya suckleyana,Suckleya suckleyana
Sullivantia hapemanii,Sullivantia hapemanii var. purpusii
Sullivantia hapemanii var. purpusii,Sullivantia hapemanii var. purpusii
Swertia perennis,Swertia perennis
Swida sericea,Cornus sericea ssp. sericea
Symphoricarpos albus,Symphoricarpos albus
Symphoricarpos longiflorus,Symphoricarpos longiflorus
Symphoricarpos occidentalis,Symphoricarpos occidentalis
Symphoricarpos rotundifolius,Symphoricarpos rotundifolius
Symphyotrichum ×amethystinum,Symphyotrichum x amethystinum
Symphyotrichum ascendens,Symphyotrichum ascendens
Symphyotrichum boreale,Symphyotrichum boreale
Symphyotrichum campestre,Symphyotrichum campestre
Symphyotrichum ciliatum,Symphyotrichum ciliatum
Symphyotrichum eatonii,Symphyotrichum eatonii
Symphyotrichum ericoides,Symphyotrichum ericoides
Symphyotrichum falcatum,Symphyotrichum falcatum
Symphyotrichum fendleri,Symphyotrichum fendleri
Symphyotrichum foliaceum,Symphyotrichum foliaceum
Symphyotrichum foliaceum var. apricum,Symphyotrichum foliaceum var. apricum
Symphyotrichum foliaceum var. canbyi,Symphyotrichum foliaceum var. canbyi
Symphyotrichum foliaceum var. parryi,Symphyotrichum foliaceum var. parryi
Symphyotrichum frondosum,Symphyotrichum frondosum
Symphyotrichum laeve var. geyeri,Symphyotrichum laeve var. geyeri
Symphyotrichum lanceolatum ssp. hesperium,Symphyotrichum lanceolatum ssp. hesperium
Symphyotrichum lanceolatum var. hesperium,Symphyotrichum lanceolatum ssp. hesperium
Symphyotrichum novae-angliae,Symphyotrichum novae-angliae
Symphyotrichum oblongifolium,Symphyotrichum oblongifolium
Symphyotrichum porteri,Symphyotrichum porteri
Symphyotrichum spathulatum,Symphyotrichum spathulatum
Symphytum officinale,Symphytum officinale
Syringa vulgaris,Syringa vulgaris
Talinum calycinum,Phemeranthus calycinus
Talinum parviflorum,Phemeranthus confertiflorus 
Tamarix chinensis,Tamarix chinensis
Tamarix parviflora,Tamarix parviflora
Tamarix ramosissima,Tamarix chinensis
Tanacetum balsamita,Tanacetum balsamita
Tanacetum parthenium,Tanacetum parthenium
Tanacetum vulgare,Tanacetum vulgare
Taraxacum ceratophorum,Taraxacum ceratophorum
Taraxacum dumetorum,Taraxacum ceratophorum
Taraxacum eriophorum,Taraxacum eriophorum
Taraxacum laevigatum,Taraxacum laevigatum
Taraxacum officinale,Taraxacum officinale
Taraxacum ovinum,Taraxacum ceratophorum
Taraxacum scopulorum,Taraxacum scopulorum
Taraxia breviflora,Camissonia breviflora
Taraxia subacaulis,Camissonia subacaulis
Telesonix jamesii,Telesonix jamesii
Teloxys ambrosioides,Dysphania ambrosioides
Teloxys botrys,Dysphania botrys
Teloxys graveolens,Dysphania graveolens
Tetradymia canescens,Tetradymia canescens
Tetradymia nuttallii,Tetradymia nuttallii
Tetradymia spinosa,Tetradymia spinosa
Tetraneuris acaulis,Tetraneuris acaulis
Tetraneuris acaulis var. acaulis,Tetraneuris acaulis var. acaulis
Tetraneuris acaulis var. arizonica,Tetraneuris acaulis var. arizonica
Tetraneuris acaulis var. caespitosa,Tetraneuris acaulis var. caespitosa
Tetraneuris acaulis var. epunctata,Tetraneuris acaulis var. epunctata
Tetraneuris brevifolia,Tetraneuris acaulis var. caespitosa
Tetraneuris ivesiana,Tetraneuris ivesiana
Tetraneuris scaposa var. linearis,Tetraneuris scaposa var. scaposa
Tetraneuris scaposa var. scaposa,Tetraneuris scaposa var. scaposa
Tetraneuris torreyana,Tetraneuris torreyana
Teucrium canadense ssp. occidentale,Teucrium canadense var. occidentale
Teucrium canadense var. occidentale,Teucrium canadense var. occidentale
Teucrium laciniatum,Teucrium laciniatum
Thalictrum alpinum,Thalictrum alpinum
Thalictrum dasycarpum,Thalictrum dasycarpum
Thalictrum fendleri,Thalictrum fendleri
Thalictrum foetidum,Thalictrum heliophilum
Thalictrum heliophilum,Thalictrum heliophilum
Thalictrum sparsiflorum,Thalictrum sparsiflorum
Thamnosma texana,Thamnosma texana
Thelesperma filifolium,Thelesperma filifolium
Thelesperma megapotamicum,Thelesperma megapotamicum
Thelesperma subnudum,Thelesperma subnudum
Thellungiella salsuginea,Eutrema salsugineum
Thelypodiopsis aurea,Thelypodiopsis aurea
Thelypodiopsis elegans,Thelypodiopsis elegans
Thelypodiopsis juniperorum,Thelypodiopsis juniperorum
Thelypodium integrifolium,Thelypodium integrifolium
Thelypodium laxiflorum,Thelypodium laxiflorum
Thelypodium paniculatum,Thelypodium paniculatum
Thelypodium sagittatum,Thelypodium sagittatum ssp. sagittatum
Thelypodium sagittatum ssp. sagittatum,Thelypodium sagittatum ssp. sagittatum
Thelypodium wrightii,Thelypodium wrightii
Thelypodium wrightii ssp. oklahomensis,Thelypodium wrightii
Thermopsis divaricarpa,Thermopsis rhombifolia var. divaricarpa
Thermopsis montana,Thermopsis montana
Thermopsis rhombifola,Thermopsis rhombifolia
Thermopsis rhombifolia,Thermopsis rhombifolia var. rhombifolia
Thermopsis rhombifolia ,Thermopsis rhombifolia
Thermopsis rhombifolia var. divaricarpa,Thermopsis rhombifolia var. divaricarpa
Thermopsis rhombifolia var. montana,Thermopsis montana
Thermopsis rhombifolia var. rhombifolia,Thermopsis rhombifolia var. rhombifolia
Thinopyrum intermedium,Thinopyrum intermedium
Thinopyrum ponticum,Thinopyrum elongatum 
Thlaspi arvense,Thlaspi arvense
Thymophylla aurea,Thymophylla aurea var. aurea
Thymophylla aurea var. aurea,Thymophylla aurea var. aurea
Tidestromia lanuginosa,Tidestromia lanuginosa
Tillaea aquatica,Crassula aquatica
Tiquilia nuttallii,Tiquilia nuttallii
Tithymalus brachyceras,Euphorbia brachycera
Tithymalus crenulatus,Euphorbia crenulata
Tithymalus cyparissias,Euphorbia cyparissias
Tithymalus esula,Euphorbia virgata
Tithymalus incisus,Euphorbia schizoloba
Tithymalus incisus  var. mollis,Euphorbia schizoloba
Tithymalus myrsinites,Euphorbia myrsinites
Tithymalus peplus,Euphorbia peplus
Tithymalus spathulatus,Euphorbia spathulata
Tolmachevia integrifolia,Rhodiola integrifolia
Tonestus lyallii,Tonestus lyallii
Tonestus pygmaeus,Tonestus pygmaeus
Torreyochloa pallida var. pauciflora,Torreyochloa pallida
Torreyochloa pauciflora,Torreyochloa pallida
Townsendia annua,Townsendia annua
Townsendia eximia,Townsendia eximia
Townsendia exscapa,Townsendia exscapa
Townsendia fendleri,Townsendia fendleri
Townsendia glabella,Townsendia glabella
Townsendia grandiflora,Townsendia grandiflora
Townsendia hookeri,Townsendia hookeri
Townsendia incana,Townsendia incana
Townsendia leptotes,Townsendia leptotes
Townsendia rothrockii,Townsendia rothrockii
Townsendia strigosa,Townsendia strigosa
Toxicodendron rydbergii,Toxicodendron rydbergii
Toxicoscordion paniculatum,Toxicoscordion paniculatum
Toxicoscordion venosum,Toxicoscordion paniculatum
Tradescantia occidentalis,Tradescantia occidentalis
Tragia ramosa,Tragia ramosa
Tragopogon dubius,Tragopogon dubius
Tragopogon dubius ssp. major,Tragopogon dubius
Tragopogon porrifolius,Tragopogon porrifolius
Tragopogon pratensis,Tragopogon pratensis
Transberingia bursifolia ssp. virgata,Crucihimalaya virgata
Transberingia virgata,Crucihimalaya virgata
Trautvetteria caroliniensis,Trautvetteria grandis
Trianthema portulacastrum,Trianthema portulacastrum
Tribulus terrestris,Tribulus terrestris
Trichophorum pumilum,Trichophorum pumilum
Tridens muticus,Tridentopsis mutica 
Tridens muticus var. elongatus,Tridentopsis mutica 
Trifolium andinum,Trifolium andinum var. andinum
Trifolium andinum var. andinum,Trifolium andinum var. andinum
Trifolium anemophilum,Trifolium anemophilum
Trifolium attenuatum,Trifolium attenuatum
Trifolium brandegeei,Trifolium brandegeei
Trifolium brandegei,Trifolium brandegeei
Trifolium dasyphyllum,Trifolium dasyphyllum
Trifolium dasyphyllum ssp. anemophilum,Trifolium anemophilum
Trifolium fragiferum,Trifolium fragiferum
Trifolium gymnocarpon,Trifolium gymnocarpon
Trifolium gymnocarpum,Trifolium gymnocarpon
Trifolium hybridum,Trifolium hybridum
Trifolium kingii,Trifolium kingii ssp. kingii
Trifolium kingii var. kingii,Trifolium kingii ssp. kingii
Trifolium longipes,Trifolium longipes
Trifolium nanum,Trifolium nanum
Trifolium parryi,Trifolium parryi
Trifolium pratense,Trifolium pratense
Trifolium repens,Trifolium repens
Trifolium salictorum,Trifolium parryi ssp. salictorum
Trifolium wormskioldii,Trifolium wormskioldii var. wormskioldii
Trifolium wormskioldii var. wormskioldii,Trifolium wormskioldii var. wormskioldii
Triglochin maritima,Triglochin maritima
Triglochin palustris,Triglochin palustris
Trillium ovatum,Trillium ovatum var. ovatum
Trillium ovatum ssp. ovatum,Trillium ovatum var. ovatum
Trimorpha acris,Erigeron acris
Trimorpha elongata,Erigeron acris
Trimorpha lonchophylla,Erigeron lonchophyllus
Triodanis holzingeri,Triodanis holzingeri
Triodanis leptocarpa,Triodanis leptocarpa
Triodanis perfoliata,Triodanis perfoliata
Triplasis purpurea,Triplasis purpurea
Tripleurospermum inodorum,Tripleurospermum inodorum
Tripterocalyx carneus var. wootonii,Tripterocalyx wootonii
Tripterocalyx micranthus,Tripterocalyx micranthus
Tripterocalyx wootonii,Tripterocalyx wootonii
Trisetum canescens,Trisetum canescens
Trisetum flavescens,Trisetum flavescens
Trisetum spicatum,Trisetum spicatum
Trisetum spicatum ssp. alaskanum,Trisetum spicatum
Trisetum wolfii,Graphephorum wolfii
Triteleia grandiflora,Triteleia grandiflora
Triteleia grandiflora var. grandiflora,Triteleia grandiflora
Triticum aestivum,Triticum aestivum
Trollius albiflorus,Trollius albiflorus
Truellum sagittatum,Persicaria sagittata
Tryphane rubella,Sabulina rubella
Turritis glabra,Turritis glabra
Typha angustifolia,Typha angustifolia
Typha domingensis,Typha domingensis
Typha latifolia,Typha latifolia
Ulmus pumila,Ulmus pumila
Unamia alba,Solidago ptarmicoides
Urtica dioica,Urtica dioica
Urtica dioica ssp. gracilis,Urtica dioica ssp. gracilis
Urtica dioica ssp. holosericea,Urtica dioica ssp. holosericea
Urtica gracilis,Urtica dioica ssp. gracilis
Urtica gracilis ssp. holosericea,Urtica dioica ssp. holosericea
Urtica holosericea,Urtica dioica ssp. holosericea
Utricularia intermedia,Utricularia intermedia
Utricularia macrorhiza,Utricularia macrorhiza
Utricularia minor,Utricularia minor
Utricularia ochroleuca,Utricularia ochroleuca
Utricularia vulgaris,Utricularia macrorhiza
Vaccaria hispanica,Vaccaria hispanica
Vaccaria pyramidata,Vaccaria hispanica
Vaccinium cespitosum,Vaccinium cespitosum
Vaccinium myrtillus,Vaccinium myrtillus
Vaccinium myrtillus ssp. oreophilum,Vaccinium myrtillus
Vaccinium scoparium,Vaccinium scoparium
Vahlodea atropurpurea,Vahlodea atropurpurea
Vahlodea atropurpurea ssp. latifolia,Vahlodea atropurpurea
Valeriana acutiloba,Valeriana acutiloba
Valeriana arizonica,Valeriana arizonica
Valeriana capitata ssp. acutiloba,Valeriana acutiloba
Valeriana edulis,Valeriana edulis
Valeriana occidentalis,Valeriana occidentalis
Veratrum californicum,Veratrum californicum
Veratrum tenuipetalum,Veratrum californicum
Verbascum blattaria,Verbascum blattaria
Verbascum lychnitis,Verbascum lychnitis
Verbascum phlomoides,Verbascum phlomoides
Verbascum thapsus,Verbascum thapsus
Verbena bracteata,Verbena bracteata
Verbena hastata,Verbena hastata
Verbena macdougalii,Verbena macdougalii
Verbena plicata,Verbena plicata
Verbena stricta,Verbena stricta
Verbesina encelioides ssp. exauriculata,Verbesina encelioides
Vernonia baldwinii,Vernonia baldwinii
Vernonia baldwinii ssp. interior,Vernonia baldwinii
Vernonia fasciculata,Vernonia fasciculata
Vernonia fasciculata ssp. corymbosa,Vernonia fasciculata
Vernonia marginata,Vernonia marginata
Veronica americana,Veronica americana
Veronica anagallis-aquatica,Veronica anagallis-aquatica
Veronica arvensis,Veronica arvensis
Veronica biloba,Veronica biloba
Veronica catenata,Veronica anagallis-aquatica
Veronica nutans,Veronica wormskjoldii
Veronica peregrina ssp. xalapensis,Veronica peregrina ssp. xalapensis
Veronica persica,Veronica persica
Veronica polita,Veronica polita
Veronica scutellata,Veronica scutellata
Veronica serpyllifolia var. humifusa,Veronica serpyllifolia ssp. humifusa
Veronica wormskjoldii,Veronica wormskjoldii
Veronicastrum serpyllifolium ssp. humifusum,Veronica serpyllifolia ssp. humifusa
Vexibia nuttalliana,Sophora nuttalliana
Viburnum edule,Viburnum edule
Viburnum lantana,Viburnum lantana
Viburnum lentago,Viburnum lentago
Vicia americana,Vicia americana
Vicia americana ssp. americana,Vicia americana ssp. americana
Vicia americana ssp. minor,Vicia americana ssp. minor
Vicia angustifolia,Vicia sativa ssp. nigra
Vicia linearis,Vicia americana ssp. minor
Vicia ludoviciana,Vicia ludoviciana
Vicia ludoviciana var. texana,Vicia ludoviciana
Vicia sativa ssp. nigra,Vicia sativa ssp. nigra
Vicia villosa,Vicia villosa
Viola adunca,Viola adunca
Viola biflora,Viola biflora
Viola biternata,Viola sheltonii
Viola canadensis,Viola canadensis
Viola kitaibeliana,Viola bicolor
Viola kitaibeliana var. rafinesquei,Viola bicolor
Viola labradorica,Viola adunca
Viola nuttallii,Viola nuttallii
Viola odorata,Viola odorata
Viola palustris,Viola palustris
Viola pedatifida,Viola pedatifida
Viola praemorsa,Viola praemorsa
Viola praemorsa ssp. major,Viola praemorsa
Viola purpurea,Viola purpurea var. venosa
Viola purpurea ssp. venosa,Viola purpurea var. venosa
Viola renifolia,Viola palustris
Viola scopulorum,Viola canadensis
Viola selkirkii,Viola selkirkii
Viola sheltonii,Viola sheltonii
Viola sororia,Viola sororia
Viola sororia ssp. affinis,Viola sororia
Viola sororia var. affinis,Viola sororia
Viola tricolor,Viola tricolor
Viola utahensis,Viola utahensis
Viola vallicola,Viola vallicola
Virgulaster ascendens,Symphyotrichum ascendens
Virgulus amethystinus,Symphyotrichum x amethystinum
Virgulus campestris,Symphyotrichum campestre
Virgulus ericoides,Symphyotrichum ericoides
Virgulus falcatus,Symphyotrichum falcatum
Virgulus fendleri,Symphyotrichum fendleri
Virgulus novae-angliae,Symphyotrichum novae-angliae
Virgulus oblongifolius,Symphyotrichum oblongifolium
Virgulus x amethystinus,Symphyotrichum x amethystinum
Viticella orientalis,Clematis orientalis
Vitis acerifolia,Vitis acerifolia
Vitis riparia,Vitis riparia
Vitis riparia ssp. riparia,Vitis riparia
Vulpia octoflora,Festuca octoflora
Wolffia borealis,Wolffia borealis
Wolffia columbiana,Wolffia columbiana
Woodsia neomexicana,Woodsia neomexicana
Woodsia oregana ssp. cathcartiana,Woodsia oregana ssp. cathcartiana
Woodsia plummerae,Woodsia plummerae
Woodsia scopulina,Woodsia scopulina
Wyethia ×magna,Wyethia ×magna
Wyethia amplexicaulis,Wyethia amplexicaulis
Wyethia arizonica,Wyethia arizonica
Wyethia scabra,Scabrethia scabra
Wyethia scabra var. scabra,Scabrethia scabra
Xanthisma coloradoense,Xanthisma coloradoense
Xanthisma gracile,Xanthisma gracile
Xanthisma grindelioides var. grindelioides,Xanthisma grindelioides var. grindelioides
Xanthisma spinulosum,Xanthisma spinulosum
Xanthisma spinulosum var. glaberrimum,Xanthisma spinulosum var. glaberrimum
Xanthisma spinulosum var. paradoxum,Xanthisma spinulosum var. paradoxum
Xanthisma spinulosum var. spinulosum,Xanthisma spinulosum var. spinulosum
Xanthium spinosum,Xanthium spinosum
Xanthium strumarium,Xanthium strumarium
Ximenesia encelioides,Verbesina encelioides
Xylorhiza glabriuscula,Xylorhiza glabriuscula
Xylorhiza venusta,Xylorhiza venusta
Yucca angustissima,Yucca angustissima var. angustissima
Yucca angustissima var. angustissima,Yucca angustissima var. angustissima
Yucca baccata,Yucca baccata var. baccata
Yucca baccata var. baccata,Yucca baccata var. baccata
Yucca baileyi,Yucca baileyi var. baileyi
Yucca baileyi var. baileyi,Yucca baileyi var. baileyi
Yucca glauca,Yucca glauca
Yucca harrimaniae,Yucca harrimaniae
Yucca neomexicana,Yucca neomexicana
Zannichellia palustris,Zannichellia palustris
Zea mays,Zea mays
Zeltnera exaltata,Centaurium exaltatum
Zigadenus elegans,Anticlea elegans
Zigadenus paniculatus,Toxicoscordion paniculatum
Zigadenus paniculatus var. gramineus,Toxicoscordion gramineum 
Zigadenus paniculatus var. paniculatus,Toxicoscordion paniculatum
Zigadenus vaginatus,Anticlea vaginata
Zigadenus virescens,Anticlea virescens
Zinnia grandiflora,Zinnia grandiflora
Zizia aptera,Zizia aptera
Zosterella dubia,Heteranthera dubia
Zuckia brandegeei,Grayia brandegeei 
Zuckia brandegei,Grayia brandegeei 
Zygophyllidium hexagonum,Euphorbia hexagona
Zygophyllum fabago,Zygophyllum fabago
